id,title,all_artists,popularity,release_date,danceability,energy,key,loudness,mode,acousticness,instrumentalness,liveness,valence,tempo,duration_ms,time_signature
2lTnA8Z6rmjIvQRcEy3XLH,Dress Sexy At My Funeral,Smog,41,2000-04-04,0.461,0.494,7,-12.185,0,0.633,0.0832,0.112,0.697,96.337,330133,4
2DpN9CD40HlI9zohtMVPPF,A lot,luluwav,2,2022-03-23,0.832,0.682,8,-5.667,0,0.0446,2.36e-06,0.171,0.771,140.031,199320,4
023qVb1qRZukCjoX8NmMEw,Drip too Hard - Demo Version,"1,361 Kodak Moment",6,2021-12-14,0.372,0.713,4,-10.287,1,0.111,0.0,0.364,0.691,105.058,176913,4
324hW4SIzty1NiMLJNANnO,xoxo - shitty 90s remix,münki,5,2021-04-30,0.256,0.54,2,-13.037,1,1.44e-05,0.537,0.147,0.321,99.993,225500,4
7A4qkJulbEMvveTLvj7Tbo,The Weeping Song - 2010 Remastered Version,Nick Cave & The Bad Seeds,48,1990,0.416,0.723,7,-9.793,0,0.204,4.89e-06,0.116,0.719,170.3,265147,4
0u1HWtNuJMtzCk6ji6PKLD,(This Is) The Dream Of Evan And Chan - Remastered,Dntel,28,2011-10-25,0.497,0.795,1,-9.114,1,0.0804,0.408,0.162,0.083,138.065,344973,4
2IiviSu5nGfTBDBfCvVL4s,Earth Death,Baths,41,2013-05-28,0.362,0.578,1,-10.692,1,0.00142,0.782,0.205,0.128,83.047,273798,4
2aXZlVSk4HbEaZVKI8B5SN,The Price You Pay (It Must Be Wearing Off),Low,27,2021-09-10,0.404,0.763,0,-4.657,1,0.534,0.0772,0.197,0.136,83.924,428132,4
3srQ1CVwvHeH7eUyPD1Hss,Midnight Visitors,Dated,0,2020-04-30,0.225,0.823,8,-5.8,0,0.163,0.886,0.401,0.316,84.965,167805,4
3KZRkM7Uv0F2oCTUHAvv0a,Jim Cain,Bill Callahan,48,2009-04-14,0.697,0.298,2,-13.037,1,0.462,0.782,0.107,0.561,106.429,279253,4
7ydapdmQ4oivP54X29q7Af,Too Many Birds,Bill Callahan,44,2009-04-14,0.531,0.575,5,-11.303,0,0.313,0.12,0.11,0.485,112.847,327147,4
1nWRZiUhOLXL4VrnqqxWpD,Eid Ma Clack Shaw,Bill Callahan,38,2009-04-14,0.787,0.34,1,-11.114,0,0.593,0.00195,0.108,0.519,118.005,259760,4
3goAZkPX0CfvUOFERG9zaN,Into the Corn,The Phantom Band,0,2010-10-18,0.505,0.822,2,-7.422,1,0.163,0.587,0.0973,0.783,127.269,387480,4
2gv7FaPoTqGuY5DWIgF9ma,Bottles and Bones (Shades and Sympathy),Califone,24,2001-04-10,0.477,0.324,4,-11.344,1,0.815,0.00857,0.121,0.268,97.408,332440,4
0grzc7C5tKnUCwgI0i2wM5,Dep. Chamber,Okay Kaya,20,2022-11-04,0.46,0.104,0,-18.554,1,0.975,0.0543,0.102,0.147,96.069,194667,4
2iFJE0hP8aMmLKkldk4r77,You Will Find It,Devendra Banhart,12,2020-04-28,0.628,0.34,2,-10.46,0,0.72,0.00053,0.0922,0.0555,120.081,274257,4
3g5v5S6Adv3gqPpKuli6Q5,Nothing's Wrong,Miss Grit,29,2023-02-24,0.591,0.309,0,-10.435,1,0.655,0.475,0.0968,0.35,129.991,229183,4
52J1P6LhBytEgXll2Z1lpB,To the Lighthouse,Memoryhouse,27,2010-01-05,0.465,0.429,6,-17.951,1,0.564,0.056,0.102,0.625,99.813,205583,4
1wxCdU4g7hAUWkevFKIClG,The Light,Mirah,15,2004-05-04,0.402,0.329,7,-14.22,1,0.4,1.71e-05,0.245,0.112,123.1,198920,4
11ZY9wPKm72osWrXBPYoSc,Warm Pants,Dua Saleh,42,2018-12-06,0.498,0.419,7,-9.285,0,0.785,3.68e-05,0.568,0.262,137.439,314000,4
18CbRJkvKJIlkmbg3MqblT,No Past Lives,Baths,23,2013-05-28,0.561,0.51,11,-10.51,0,0.0506,0.036,0.235,0.411,150.123,220186,4
1EyC2Jmbd6cduxv9vcYlSb,Ironworks,Baths,25,2013-05-28,0.554,0.479,9,-12.022,1,0.368,0.00241,0.0842,0.176,159.829,280056,3
35tWhD29yvWwB0IDRr6zsL,Yeah Right,Vince Staples,55,2017-06-23,0.734,0.468,1,-9.029,1,0.018,0.0,0.382,0.285,118.001,188947,4
1ZiRP1fP6Cqc2oG3H6kuRN,king of the darkness,2hollis,47,2022-08-11,0.31,0.693,5,-4.266,0,0.0619,1.24e-05,0.111,0.0815,149.158,162000,4
0ozMc7n0ItuLpGrUEFDXER,Against the Day,Wolf Parade,25,2020-01-24,0.518,0.86,3,-4.628,1,0.0324,0.00211,0.246,0.68,125.046,252780,4
6DkohHShwLU1NCtGRqY42v,4 Degrees,ANOHNI,26,2016-05-06,0.347,0.767,1,-5.973,1,0.3,0.0,0.134,0.327,109.261,231583,3
4yHYjLDcFlSEYnsmqYxIrA,Яitual,Arca,52,2023-04-24,0.485,0.331,8,-9.935,1,0.108,0.00319,0.0945,0.61,96.858,84562,4
15p0b3cJkJZm43QGl2gDsP,You Are Always on the Edge of a Precipice,Boduf Songs,10,2019-10-04,0.29,0.105,5,-24.769,0,0.866,0.564,0.0901,0.0325,69.285,189323,3
1sKqP1RUuqQZHGNp0C1kJJ,TMNT Mask,Chad VanGaalen,18,2008-09-09,0.648,0.834,9,-7.158,0,0.0327,0.142,0.0586,0.748,121.31,209227,4
6YcfAU2P3KETyULHliTWXn,Enth,Crystal Castles,40,2016-08-19,0.58,0.854,5,-8.516,0,0.00371,0.18,0.119,0.177,127.091,209080,4
0ZST9shTPfs6mO5ANB6kNG,Drip Drip,Comus,31,1971-01-01,0.428,0.87,11,-6.475,0,0.456,0.0136,0.134,0.597,118.298,651133,4
26sLRGYCSYSnK0cJVtcCAf,Do You Love Me? - 2011 Remastered Version,Nick Cave & The Bad Seeds,48,1994-04-18,0.469,0.649,5,-8.45,0,0.000936,0.47,0.144,0.696,125.174,357173,4
5RIqqdVaKlzXgVAzYIvGVP,Suicide,Dust,25,1972,0.423,0.953,9,-5.587,1,0.00322,0.00948,0.0661,0.613,111.53,274813,4
1FUgvjxmuYLhr3n3If07rT,Extent,Arca,22,2015-11-20,0.16,0.195,5,-18.899,0,0.632,0.937,0.155,0.0299,101.338,154538,4
29YjHuMRqoUT1ePJDw63X8,She Fucks Me,Ween,24,1991-09-20,0.677,0.332,7,-17.022,0,0.346,0.00246,0.188,0.643,138.895,237840,4
5B03J9O5CTZDrfXJnwNAPs,Starry Up,Moon Racer,4,2018-04-20,0.522,0.86,1,-5.158,1,0.3,0.895,0.393,0.961,132.234,168693,4
30PrZCK35q91CDCcmrbj8h,Rock My Boat,Dntel,20,2007-02-12,0.785,0.533,0,-10.627,1,0.855,0.592,0.11,0.449,124.918,232027,4
3s9cNgAYYh3jK4ZLbAPruH,The Hungry Wolf Of Fate,King Gizzard & The Lizard Wizard,37,2020-11-20,0.544,0.338,1,-9.624,1,0.0437,0.021,0.343,0.28,138.016,307970,4
3LlK6EuOcnAoZoaqDv8sME,Under the Floor Again,The Damned,25,1982-10-01,0.269,0.762,2,-7.843,1,0.0111,0.00018,0.276,0.141,145.271,303281,4
2pFNHjuZpdfZdvXVDKbcTH,Gauze - Remastered,Red Red Meat,11,1995-10-10,0.304,0.317,11,-9.412,1,0.0857,0.657,0.1,0.169,89.153,289627,4
4Uv1YSLlzoDDT1b9POPZ8a,Disaster,Daniel Knox,6,2007-10-05,0.574,0.0957,3,-17.834,0,0.953,0.0833,0.11,0.439,109.295,127693,4
1pIeEWK9jvhDPJtpeXaLwB,Paradise,Satanicpornocultshop,44,2010-08-09,0.565,0.621,11,-7.03,0,0.288,0.174,0.0887,0.354,169.936,227773,5
0ZaJPhvrazUn6AwvhSSKOj,"Song to Keep You Company (Live at the BBC) - Top Gear Session, 1969",Bridget St John,23,2015-02-16,0.45,0.256,11,-14.148,1,0.857,0.0143,0.106,0.293,86.965,171720,4
4nEJ4O435WvJvgZKdOPWMM,Ocean Death,Baths,38,2014-05-06,0.621,0.834,1,-11.339,0,0.152,0.757,0.403,0.0395,120.012,329924,3
0spLUItceTHNw86n0qQg4q,Spinal Tap,Michael Wolever,38,2022-11-04,0.633,0.448,6,-10.412,1,0.805,0.0358,0.186,0.512,87.004,208053,4
7BWyFa7hnm2D31CVydyUMl,Choke,Poppy,44,2019-06-28,0.709,0.422,11,-9.177,1,0.0385,0.478,0.111,0.108,82.964,242091,4
6OiBO4Dv9AB8M1DmS9oR8M,MFN,Cibo Matto,23,2014-02-11,0.565,0.701,5,-4.098,1,0.144,0.0,0.125,0.421,150.9,207911,4
5FfT45gDQWDyR8lZpn60DD,Say It,SASAMI,36,2022-02-25,0.583,0.848,6,-4.935,1,0.000118,0.735,0.114,0.686,106.99,215240,4
1PGlEdsnTKKApbAo15QftI,11:38,Kap Bambino,23,2009-05-25,0.471,0.895,8,-3.074,1,2.07e-05,0.111,0.0961,0.14,160.031,165253,4
73iWf3dFe1YpRbP590SvGQ,Cross the Sea,Alex G,46,2022-09-23,0.497,0.641,2,-7.168,1,0.218,0.00109,0.149,0.11,149.01,216672,4
0XriitxSuRgyPCeweoWjwi,Orange & Mango,The Phoenix Foundation,2,2011,0.467,0.825,2,-6.782,1,0.0533,0.0026,0.343,0.491,150.989,233307,4
0gAIwOfM8em0PGpzqJKK1U,Phospholipid,Blood Cultures,43,2017-07-21,0.601,0.499,8,-6.795,1,0.153,6.48e-06,0.265,0.402,94.869,213000,4
12cYNjMCBJDCHZcGJUG60B,Sunday Morning - Original Mix,Kidaudra,0,2015-03-09,0.62,0.675,7,-6.774,1,0.00275,0.72,0.189,0.161,100.0,236400,4
2pBdYmfFTUCyjqZmUNZMPE,trash snacks,Dua Saleh,24,2022-09-23,0.302,0.511,0,-9.108,1,0.579,4.2e-05,0.119,0.0795,132.072,160458,4
67dwJvTiB8VoKdbxOR3Hhb,Burn Bridges,Grace Ives,34,2022-06-10,0.835,0.587,9,-5.324,1,0.0224,0.00978,0.058,0.703,119.979,120120,4
6zFqu6VWpbpO36qr9QkH4G,Small Ghosts,Lauren Auder,17,2021-02-12,0.26,0.713,0,-8.222,1,0.527,0.0737,0.108,0.136,180.111,207628,3
6Zy2DubYwPUPqbjWyR80uV,Pretty Green,White Denim,30,2013-10-01,0.429,0.862,2,-5.696,1,0.0931,1.13e-06,0.161,0.335,177.023,249640,4
1fTtPH0xGwFOXM5VlkxOX1,Hearing Damage,Thom Yorke,62,2009-10-01,0.627,0.859,1,-6.321,1,0.0474,0.852,0.109,0.133,116.019,303360,4
7Aie6UJe45uy867mpfLaxA,HARP + PONY,Frost Children,44,2022-04-08,0.676,0.889,1,-7.167,1,0.373,0.00767,0.448,0.876,176.986,105866,4
4saON51OXJzq7dDhw9ge6R,Poor Girl A Long Way From Heaven,Ezra Furman,17,2022-08-26,0.612,0.643,2,-9.286,1,0.292,0.0354,0.336,0.469,120.023,221264,4
5x7HXluqfEmZyQLNYZCLy2,KANJIRU,AYA GLOOMY,23,2019-08-30,0.628,0.731,9,-3.57,0,0.23,0.467,0.099,0.467,117.957,181525,4
0WUoazK5evEsbg7rTgBwOn,At the End We Listen,Geo Wyeth,3,2012-12-01,0.363,0.395,10,-8.186,1,0.646,0.000267,0.11,0.134,140.084,377992,4
7BL8GTgqJM40dWbOpoAr6C,Ghost of a Boy,Rae Spoon,3,2012-01-10,0.45,0.396,5,-12.164,1,0.831,0.784,0.111,0.249,169.92,212040,1
1Xm1RI9xhFwlwsD8mawLaR,Worst of Both Worlds,Angel Emoji,5,2021-08-27,0.687,0.647,8,-11.562,1,0.0263,0.657,0.194,0.7,100.045,173250,4
5qbnGuThjE1jI7xZPfJzqm,Chicharonnes,Quelle Chris,32,2021-03-26,0.514,0.594,8,-10.352,1,0.7,0.00048,0.327,0.257,120.275,207901,4
2CAs5VYflEBhBVZRxdPgyx,I Promise Never To Get Paint On My Glasses Again (1),Sole,20,2001-05-08,0.49,0.781,8,-6.544,1,0.375,0.0234,0.133,0.326,90.058,345978,4
3vEf3H0EtDIBN8O2c1g1lc,Speak Volumes,Dälek,26,2002,0.385,0.952,10,-5.338,0,0.0199,1.33e-06,0.123,0.408,178.279,282506,4
6OGnUJQMOQGgBnnBSSHiOo,Distorted Prose,Dälek,19,2005,0.471,0.815,1,-5.649,1,0.00538,0.000244,0.335,0.41,73.028,360327,4
5dCQYWwEslUXo5dJm2q6jy,Deep Puddle Theme Song,Atmosphere,18,1999-06-26,0.572,0.734,8,-2.315,1,0.00227,2.08e-05,0.243,0.399,149.453,414627,4
1xqbH7YDJ2sdKYggltcaGH,See Birds (Moon),Balam Acab,28,2010-08-16,0.716,0.912,0,-5.318,0,0.853,0.863,0.0574,0.925,130.002,228923,4
0VORtHcff5a14UUYbgIktO,Jihad - Desert Storm Mix,Sub Dub,1,1993-03-19,0.7,0.94,7,-13.34,1,0.0115,0.859,0.707,0.388,137.18,327307,4
3ID9ArMvTwIEhmmMhuHDDS,Scaffolds,The Alchemist,32,2021-03-26,0.562,0.726,11,-10.672,1,0.362,0.0637,0.83,0.708,83.669,174893,4
6ClHxhOeItekPokE6VszT4,Among The Sleep,Cage,39,2002-08-10,0.526,0.928,1,-6.518,1,0.122,1.16e-06,0.822,0.497,89.879,230067,4
2WvxMVdPnhdyXVUDSDlXYK,irlite (get 0),Autechre,16,2013-03-04,0.457,0.488,1,-9.202,1,0.141,0.69,0.278,0.165,145.58,601163,4
7AfbtT8GN1iv3Crb11NaVI,Telephasic Workshop,Boards of Canada,46,1998-04-20,0.772,0.83,1,-14.395,1,0.0175,0.843,0.0919,0.579,100.055,395480,4
4XT6sRMKaIGNRAFIJT5Lcx,Decapitation Blues,Boduf Songs,1,2010-09-06,0.642,0.554,0,-7.735,0,0.0481,0.815,0.105,0.065,113.994,408000,4
4Wc2IIL5jGE1V9NkxS9OL3,Rue The Whirl,Boards of Canada,43,1998-04-20,0.853,0.318,1,-11.538,1,0.238,0.828,0.123,0.416,93.099,399493,4
3MF9cjIlg3R9osw3SgRmEb,Music Is Math,Boards of Canada,48,2002-02-19,0.532,0.799,2,-11.028,1,0.0682,0.932,0.467,0.115,99.985,321453,4
5PwWkCS888xVopHOOTVtfY,Julie And Candy,Boards of Canada,41,2002-02-19,0.677,0.623,1,-8.045,1,0.00245,0.931,0.209,0.105,145.865,330333,4
68oK6wLER4h842H9vUTu4p,"Bright Lights, Big City",Aerotaxi,9,2002,0.56,0.93,1,-4.066,1,0.369,1.82e-06,0.224,0.71,95.927,279000,4
32ojA81wtg9ajVBf5KwfhW,villagers,Califone,13,2023-04-04,0.444,0.383,2,-11.459,1,0.53,0.397,0.143,0.259,94.174,258124,4
4a4tZ0GtinkCmIwdqWg82Y,Minimalism,Thrill Gates,13,2002,0.606,0.925,2,-2.898,1,0.176,0.0,0.0813,0.692,94.655,213160,4
1r3JvQ6JzLpkfP6weJ6bK3,High School Never Ends,Mykki Blanco,18,2016-09-16,0.475,0.549,11,-7.936,0,0.111,0.00125,0.215,0.114,130.167,332240,4
4NKdG9lTVjK8R9HfZQkTmk,Iron Galaxy,Cannibal Ox,39,2013-12-03,0.539,0.937,9,-3.14,1,0.489,0.0,0.0723,0.523,85.037,356800,4
4Qd1iRTWZLyxE4I8XN0KTi,Pigeon,Cannibal Ox,30,2013-12-03,0.599,0.883,10,-4.865,0,0.424,5.79e-06,0.12,0.209,87.059,370107,4
5hV5cJP8Xri5pUSAA0MJGR,Ox out the Cage,Cannibal Ox,28,2013-12-03,0.593,0.805,1,-4.96,1,0.422,0.0,0.701,0.946,87.744,208960,4
6GV72kkZvNnjLHPjRtIyh9,Atom,Cryptic,24,2013-12-03,0.528,0.688,9,-5.561,0,0.204,0.0,0.0569,0.683,171.613,352240,4
5u4WEM0DwIcYd6TU7wzS8v,Raspberry Fields,Cannibal Ox,24,2013-12-03,0.41,0.895,10,-5.87,0,0.00456,1.37e-06,0.0724,0.443,66.853,241693,4
1Pbs2eCcX9p2onaAvMYvhk,Bodys,Car Seat Headrest,59,2018-02-16,0.518,0.843,2,-7.361,1,0.00136,0.0119,0.132,0.249,143.903,406935,4
7J70PepsxT1rrZyqsAjIWX,Snow Beach,RATKING,31,2014-04-07,0.258,0.969,5,-1.672,0,0.00347,4.29e-05,0.628,0.473,175.826,402688,4
4E16oyd1iGXunYZxMj6YNy,Deep Space 9mm,El-P,38,2002,0.523,0.932,5,-4.995,1,0.0193,1.56e-05,0.1,0.626,113.721,227133,4
5YlTznWwDPg9HcIQlBMO17,Human Bog,Baths,21,2017-11-17,0.566,0.503,9,-9.862,1,0.812,0.0312,0.352,0.375,90.285,263345,4
5ZVX8SPn5OEeNEz68Isc16,I Can Wait,Low,30,2021-09-10,0.694,0.459,0,-6.501,1,0.763,0.000406,0.235,0.112,120.006,242354,4
3SpJgJZtyprhDxA10MWtbe,Delorean,ILL BILL,26,2002,0.52,0.945,11,-4.732,0,0.283,0.0,0.0612,0.608,84.123,333493,4
1cQ1IbRhnekU0aMGSlsQj1,Dirty Disco,Section 25,25,1981,0.632,0.643,8,-11.996,1,3.24e-05,0.532,0.0921,0.61,139.114,319840,4
59NvNhgX7qtGD1Q9WNhTql,Youlogy,Shabazz Palaces,22,2011-06-28,0.386,0.451,11,-13.26,0,0.0192,0.0153,0.287,0.194,78.529,238587,4
1zOtStOZd9nvnFiRM5Namm,Salute 2 el Chapo,Dj Smokey,22,2013-09-27,0.567,0.476,5,-9.325,1,0.0191,0.0424,0.337,0.202,119.844,310204,4
3mapLHLwTAngE9QhHGHwlY,Bringing the Phonk,SpaceGhostPurrp,24,2012-06-11,0.563,0.827,5,-4.965,1,0.036,0.0,0.144,0.508,142.003,190520,5
5NIrChwN4QRg8sGrFalgMU,Lost,Zola Jesus,38,2022-06-24,0.581,0.7,1,-9.646,0,0.127,0.31,0.112,0.344,144.971,204262,4
73anCuAV8JMOF8Xclf8rmL,Gimmiesumdeath,Leak Bros,19,2004-06-20,0.584,0.963,0,-5.876,1,0.0779,0.0,0.233,0.571,92.326,254587,4
3NGkFGOcZtl92uQ04koWlt,Got Wet,Leak Bros,16,2004-06-20,0.388,0.983,11,-2.804,1,0.188,0.0,0.119,0.44,182.159,241441,4
5PqlHXOhYCQkNpllFeI7qq,Waterworld,Leak Bros,15,2004-06-20,0.362,0.789,9,-6.648,0,0.367,2.54e-05,0.41,0.213,76.086,281214,4
5etzGthq61lMdqeBXxLkXp,See Thru,Leak Bros,14,2004-06-20,0.311,0.867,6,-4.507,1,0.0946,3.53e-06,0.136,0.323,75.886,213827,4
3oTkju61CCIz8fAxFXKLrB,Remind Me,Yellow Ostrich,11,2023-01-27,0.314,0.48,2,-8.573,1,0.0956,0.133,0.0903,0.0537,119.335,188192,3
0HLsWzkNNxWqx6sBXBBlDR,Who I Be (Dark R&B),SpaceGhostPurrp,23,2014-05-27,0.565,0.95,8,-5.245,0,0.0598,0.0,0.196,0.574,128.523,216375,4
4PBm6F4uoKFxrMs2lAMyC9,Friday (Strip Club),SpaceGhostPurrp,44,2014-10-07,0.653,0.826,6,-6.611,0,0.027,5.12e-06,0.0866,0.458,183.834,178258,4
6xOB01LjZWSM3Qop1CQE37,Glitch,Autechre,26,1994-11-07,0.75,0.914,7,-13.64,0,0.658,0.854,0.0766,0.703,150.05,375800,4
5sogWK5j3QRvDhPtIpuLDQ,The Number Song,DJ Shadow,2,1996-09-16,0.405,0.793,7,-7.364,0,0.0658,0.809,0.106,0.938,104.036,274267,4
4TEdXKd9AKAclNPLLodIgM,Changeling,DJ Shadow,2,1996-09-16,0.594,0.809,10,-6.489,0,0.333,0.827,0.524,0.518,87.696,436200,1
7FujnTZphK15mC6eLYEaAV,What Does Your Soul Look Like - Pt. 4,DJ Shadow,2,1996-09-16,0.511,0.707,4,-8.475,0,0.495,0.903,0.179,0.6,142.033,302293,4
46o2neDiOIDB00DFiL1z5M,Shrinkwrap,This Heat,24,1981-07-03,0.656,0.83,9,-7.039,1,0.276,0.0,0.333,0.219,111.762,100987,4
3KrjktqPynnMomhewBkwfc,Great God Pan,Sd Laika,23,2014-04-29,0.446,0.911,10,-6.838,0,0.00503,0.86,0.185,0.167,106.844,292467,4
69GBGI1jCI4YZ0UzOzIBLy,Gutter Vibrations,Sd Laika,15,2014-04-29,0.494,0.806,10,-5.031,0,0.186,0.000234,0.0922,0.553,140.151,160720,4
5h7xj5IGcwANXUM5uozCLR,Black Jackal Throwbacks,Surgeon,14,1999-10-11,0.494,0.784,10,-12.352,0,0.00662,0.926,0.674,0.157,134.179,705760,4
5CWp8iBdJgIZ1UTGAZVldF,Dark Night of the Soul (feat. David Lynch),David Lynch,20,2010-07-09,0.322,0.75,3,-6.858,1,0.942,0.421,0.662,0.293,70.501,280507,4
1z2Idn70iHI0xxKfuQRTQ8,Funeral Singers,Califone,37,2009-10-06,0.673,0.43,3,-9.637,1,0.852,0.0174,0.103,0.704,94.128,249520,4
3hgDpW5PlN8b2pLfpYVZ3G,Connjur,School Of Seven Bells,19,2008-10-28,0.479,0.793,2,-5.655,1,0.0826,6.33e-05,0.311,0.126,129.993,280227,4
79KMm750gXCVN1DKkjCjey,Mystery's Apotheosis,Fabio Frizzi,28,2011-06-17,0.414,0.539,4,-8.953,0,0.106,0.907,0.255,0.225,156.9,240875,3
4jD0DKx2XM0TCwWii6NrNL,Babes,Icky Blossoms,29,2012-07-17,0.753,0.671,2,-5.19,1,0.00159,0.0428,0.0795,0.71,122.995,208400,4
3Hs30mGDpRG1uqkTYjSEJ8,Omnion (feat. Sharon Van Etten),Sharon Van Etten,17,2017-09-01,0.331,0.582,4,-8.987,1,0.385,0.475,0.136,0.207,167.885,294196,5
5DAYBkF6mjE0VpCWSkSxtJ,"Tenebre - Original soundtrack from ""Tenebre""",Goblin,23,2013-01-01,0.686,0.369,9,-20.61,0,0.104,0.249,0.215,0.88,116.534,274279,5
1ShY6wI7fMsTfUq6XzN4kI,Poison Pit,Themselves,7,2019-11-22,0.334,0.538,11,-10.391,1,0.0586,0.00443,0.916,0.398,74.706,242133,4
1TtSn2KTXMZh6iOJJ74cUv,Do The Astral Plane,Flying Lotus,47,2010-05-03,0.722,0.828,8,-3.227,0,0.0505,0.0,0.114,0.275,117.696,237920,4
2HbCoxVRdP1yRc7YdO5KsB,Only Child Explosion,Themselves,5,2019-11-22,0.291,0.567,11,-12.377,1,0.531,0.374,0.366,0.271,129.184,150280,4
4xQ1c5U76S1rcxHYxQE5UB,You Devil You,Themselves,5,2019-11-22,0.49,0.604,8,-11.946,1,0.399,0.257,0.482,0.268,120.323,245307,4
51mdlPfPM4EaQi3V6J1l3G,Out in the Open,Themselves,4,2019-11-22,0.335,0.494,0,-13.34,1,0.678,0.57,0.29,0.0443,110.919,323627,4
6OIp5BCocXkg2ek8LpKfnE,Beat Crisis,Nuearz,0,2010-10-25,0.632,0.98,5,-1.588,1,0.153,0.721,0.0926,0.313,109.951,401867,4
75JpGEpXMRlDOleBorP12e,Phlax,Jega,20,1996-02-26,0.575,0.758,2,-7.819,1,0.158,0.892,0.0995,0.0381,100.015,217190,4
3ur1Pq1vxcezZI6VgaLVVr,Evil Lee Kirtcele,Jega,5,1996-02-26,0.463,0.936,4,-6.636,1,0.0935,0.939,0.202,0.377,119.444,237333,4
2geoH6moKIxmxRUhafagA7,Nuclear Bomb,Meat Beat Manifesto,6,1996-05-06,0.702,0.836,6,-10.475,0,0.0673,0.916,0.388,0.54,124.082,372467,4
2Zr4pmt5wrf8eR92TZP1Te,Voices for Sadness Theme,Franco Micalizzi,33,2011-01-01,0.445,0.344,0,-12.712,0,0.00798,0.626,0.15,0.41,74.784,104560,4
6FgY0tpl4Jv714uPuAokeZ,She's Unreal,Meat Beat Manifesto,22,1996-01-01,0.454,0.576,8,-15.085,1,0.129,0.82,0.388,0.39,87.857,250867,4
4HFLJ7pa7ew8rPdD4qLtet,Asbestos Lead Asbestos,Meat Beat Manifesto,20,1996-01-01,0.361,0.797,4,-11.441,0,0.0223,0.022,0.451,0.58,168.255,382840,4
3sF7cGFv6DLqlJ3x7xJ254,Whats Your Name?,Meat Beat Manifesto,13,1996-01-01,0.618,0.728,8,-10.21,1,0.0563,0.823,0.175,0.674,168.35,167800,4
5AlqmOBXHmUvwjA9ZWrQDR,Lucid Dream,Meat Beat Manifesto,3,1996-05-06,0.695,0.691,0,-10.051,1,0.331,0.0248,0.118,0.49,147.11,129507,4
5vtnm3yYaT8PEV7WyCrQEh,Cancer,Meat Beat Manifesto,3,1996-05-06,0.287,0.891,4,-9.36,1,0.0399,0.628,0.332,0.518,88.588,274027,4
2XbptUhidwHbBSGwt5Nc0j,Transmission,Meat Beat Manifesto,4,1996-05-06,0.629,0.727,8,-11.978,0,0.0207,0.13,0.575,0.733,131.506,249573,4
42cVCh4QZFFO5B6X5Q9qls,Apt. A (1),Illogic,33,2001-05-08,0.442,0.543,6,-8.565,1,0.945,0.00964,0.0897,0.14,72.716,390953,4
34kaX1AOSEJPfzfMCr3DFi,Apt. A (2),cLOUDDEAD,24,2001-05-08,0.378,0.637,9,-7.671,1,0.706,0.193,0.184,0.136,84.726,349991,4
0go7Fg7Y8oIIUFgeDrJ6ZM,And All You Can Do Is Laugh (1),cLOUDDEAD,20,2001-05-08,0.436,0.773,1,-7.657,1,0.439,0.803,0.232,0.14,91.796,332982,4
3h1LYa4Ym2k2Kr3zSge62r,And All You Can Do Is Laugh (2),cLOUDDEAD,17,2001-05-08,0.52,0.625,11,-8.825,1,0.428,0.624,0.561,0.402,130.209,349608,4
4fOZRGlQap99hu3iA7m9CR,I Promise Never To Get Paint On My Glasses Again (2),cLOUDDEAD,16,2001-05-08,0.218,0.299,7,-13.659,1,0.516,0.975,0.116,0.0348,107.908,362693,4
4952MAlZAYkrIDK610mS8u,Bike (1),cLOUDDEAD,14,2001-05-08,0.335,0.62,10,-8.354,1,0.198,0.00166,0.115,0.354,89.64,431297,4
4Puc0pga5MrcwPnLE9yjN5,(Cloud Dead Number Five) (2),cLOUDDEAD,13,2001-05-08,0.226,0.348,5,-15.772,1,0.731,0.97,0.124,0.156,111.098,365848,4
0UVIGa8kSgYkA7bV66AdCl,JimmyBreeze (2),cLOUDDEAD,15,2001-05-08,0.321,0.675,6,-8.752,0,0.642,0.325,0.12,0.102,140.43,330962,4
2q13QoVfL4gtBsRETQVkCV,Als wär's das letzte Mal,DAF,35,1981-01-06,0.72,0.701,6,-10.612,1,0.0232,0.752,0.109,0.894,94.154,207194,4
0HBxDBevZpURpGv8MVkMo7,Questions over Coffee,Doseone,3,2000-08-01,0.503,0.814,5,-9.656,1,0.413,0.0,0.144,0.559,117.262,196093,3
7DjJ1tAyNGybE2mxAOXVid,Dead Man's Teal,Doseone,5,2000-08-01,0.689,0.711,5,-12.393,1,0.436,0.254,0.342,0.772,156.814,177667,4
70HxNVlYQ0Hi6XqBtPLw80,Lady - Hear Me Tonight,Modjo Band,63,2001,0.72,0.808,6,-5.627,1,0.00793,0.0293,0.0634,0.869,126.041,307154,4
3on9znKmGp0TaYcWPhqdVE,If I Had a Heart,Fever Ray,59,2009-01-12,0.407,0.236,4,-16.189,1,0.777,0.812,0.107,0.122,170.136,228400,4
0SlVvyU9LWTzsnPc8lcoUs,Ghost Rider - 2019 - Remaster,Suicide,46,1977-12-28,0.25,0.64,1,-8.745,1,0.072,0.682,0.105,0.549,191.472,153440,4
510L55qTlVIJcvnURoj0JF,Johnny - 2019 - Remaster,Suicide,32,1977-12-28,0.281,0.817,9,-12.292,1,0.338,0.911,0.102,0.925,169.668,130680,4
5ae4WJ0jjklQ4AadYxE2a6,Girl - 2019 - Remaster,Suicide,30,1977-12-28,0.546,0.646,10,-11.481,1,0.00011,0.602,0.098,0.758,138.108,245867,4
2vQRkj2kMwoHKLzxXNsj2h,Frankie Teardrop - 2019 - Remaster,Suicide,31,1977-12-28,0.308,0.829,1,-14.345,1,0.0113,0.767,0.116,0.0418,168.768,626307,4
5aigHrfThtXdjyfqvsT62z,Che - 2019 - Remaster,Suicide,29,1977-12-28,0.0773,0.108,7,-13.795,1,0.00143,0.755,0.105,0.0755,171.366,289640,4
525Pwm0RCTedCyZ0Mc1r5o,Fireworks - Remastered,Dntel,9,2011-10-25,0.703,0.406,0,-12.005,1,0.0353,0.879,0.119,0.235,129.011,407933,4
72Z3omkingFSu6Qvo7EkLh,Daniel,Bat For Lashes,29,2009-02-27,0.595,0.666,8,-8.422,0,0.0115,0.0144,0.177,0.438,135.015,249707,4
0eWfkZg1S9oFRCTnWBOjOa,Ink Cloud,Two Lone Swordsmen,24,1998-10-19,0.771,0.53,5,-13.18,0,0.176,0.617,0.14,0.444,161.996,234840,4
5udfsgkwBgM3AsvHBap7px,The Big Clapper,Two Lone Swordsmen,22,1998-10-19,0.339,0.885,7,-6.854,1,0.0727,0.232,0.152,0.248,79.57,196427,4
2jhJiVcpkAMoCRr8Ru0xSJ,Ivy and Lead,Two Lone Swordsmen,24,1998-10-19,0.738,0.759,10,-10.58,0,0.0103,0.269,0.113,0.667,112.06,168400,4
3G1jkNZc5tl3orGMM7aDtG,Spine Bubbles,Two Lone Swordsmen,16,1998-10-19,0.632,0.481,1,-16.158,1,0.775,0.926,0.196,0.277,101.229,280093,3
0vwyIBkxHsYj0JVDHydJdi,"No Return (Main Title Theme) [Single from ""Yellowjackets Showtime Original Series Soundtrack""]",Anna Waronker,42,2022-01-07,0.423,0.897,11,-7.22,1,0.00191,0.000163,0.2,0.368,143.128,93187,3
54wKcxehz0bgcM1BT7KfyH,It Hits,Two Lone Swordsmen,4,1999-10-15,0.694,0.511,11,-11.461,1,0.0153,0.914,0.127,0.416,146.049,244467,4
7jX7wWnBtRY2PJHVXfLOwU,Confessions Of A Justified Sinner,Two Lone Swordsmen,4,1999-10-15,0.629,0.641,2,-13.34,1,0.178,0.819,0.406,0.302,170.126,180800,4
1Vm698NBbZZ54TgYhPfUxq,Boyzone,Liars,11,2014-03-25,0.595,0.694,8,-8.341,1,0.0129,0.754,0.113,0.218,99.988,281835,4
7aX4vUhde9XiBBALHraSbb,Your Fake Name Is Good Enough for Me,Iron & Wine,23,2011,0.361,0.595,1,-6.455,0,0.0475,0.00462,0.105,0.672,140.761,420667,4
1Jg3OlGD1J0C9OWQe6hgWe,Phantom Anthills,Chad VanGaalen,16,2008-09-09,0.709,0.752,1,-7.74,1,0.284,0.723,0.172,0.729,98.404,180787,4
5zNi7ddGWfo4S1jaA1BDnC,Red Hot Drops,Chad VanGaalen,11,2006-08-22,0.688,0.349,1,-12.287,1,0.097,0.167,0.0712,0.781,102.568,195400,4
3YHhWdTlWjIML155CvcH4F,Say the Name,clipping.,46,2020-10-23,0.455,0.426,2,-9.406,1,0.172,0.0843,0.168,0.04,84.643,299605,4
0jv5VgdENAPV7lHtBlsaXE,Blood of the Fang,clipping.,38,2019-10-18,0.76,0.942,1,-6.452,1,0.078,1.55e-05,0.216,0.444,141.985,279863,4
3NRaObu1NHTjMsfTPt6Ken,Card Lovers,Apnoie,7,2022-01-21,0.465,0.974,0,-6.542,0,0.00111,0.634,0.74,0.368,125.007,254280,4
5lQ5Tnlf8A9uFvTjz8uALp,crasher,Astrobrite,34,2001-06-20,0.129,0.446,9,-6.403,0,0.00165,0.756,0.653,0.183,99.392,247867,4
3oEbFV32BCjdfO4CV7zLEB,Octagon,Liars,11,2012,0.543,0.647,0,-11.36,1,0.331,0.873,0.11,0.504,142.012,278427,4
4W2SEytUaL0gfiHk1FeMoc,Brats,Liars,21,2012,0.588,0.728,8,-7.974,1,0.0131,0.872,0.187,0.449,129.976,182427,4
4i9xZQuMIVTRi8CYe0DIWd,Leather Prowler,Liars,7,2007,0.389,0.867,8,-8.483,0,0.53,0.745,0.187,0.115,143.568,265120,4
4s69PiQhfmjtNyDyhFdJy5,Let's Not Wrestle Mt. Heart Attack,Liars,13,2006,0.158,0.56,2,-6.882,1,0.0147,0.0212,0.532,0.0567,108.287,271813,3
1JOrIshStFM6JcC0scqDWP,Broken Witch,Liars,11,2004,0.452,0.856,6,-6.258,0,0.183,0.004,0.117,0.432,143.399,369747,4
6anHLkfvpMhQvcLz3QjRYc,We Fenced Other Gardens With The Bones Of Our Own,Liars,8,2004,0.518,0.471,1,-9.43,1,0.00424,0.178,0.193,0.0392,148.336,327067,4
3qFGxxuYvCMxSQEfGbPdK8,If You're A Wizard Then Why Do You Wear Glasses?,Liars,6,2004,0.345,0.753,6,-8.539,1,0.559,0.764,0.389,0.321,145.043,131173,4
1foMv2HQwfQ2vntFf9HFeG,Rhinestone Eyes,Gorillaz,79,2010-03-03,0.676,0.703,8,-5.815,0,0.0869,0.000687,0.0463,0.852,92.761,200173,4
1SHB1hp6267UK9bJQUxYvO,Судно (Борис Рижий),Molchat Doma,76,2018-09-07,0.484,0.75,1,-4.176,1,0.697,0.862,0.105,0.467,159.992,141395,4
6bxKECVRnkLmtpeU22Ve9p,help_urself,Ezekiel,72,2021-08-11,0.413,0.624,11,-10.353,1,0.00859,0.0178,0.132,0.0814,82.516,139652,4
17Gyli3xn2LFTtH7aJF2hI,Teach Her How To Hunt,Crystal Castles,34,2016-08-19,0.0976,0.833,7,-9.953,1,0.275,0.691,0.232,0.165,80.506,115893,3
6jTpdkPWw4QT7VOgUYqrsK,Chloroform,Crystal Castles,46,2016-08-19,0.444,0.542,8,-8.191,0,0.019,0.623,0.0985,0.097,132.842,188960,4
2mHngbc9wHeVuJr59VCV2h,Char,Crystal Castles,58,2016-08-19,0.646,0.843,8,-6.644,0,0.018,0.0733,0.32,0.351,100.004,188333,4
2tdfTvq5PrseNIZIuJyz2v,Fleece,Crystal Castles,51,2016-08-19,0.476,0.798,1,-6.699,1,0.00469,0.156,0.156,0.219,128.511,155107,4
0do3zfmbVl5DiGxUXrbhrT,Sycamore,Bill Callahan,44,2007-04-24,0.659,0.752,11,-6.067,1,0.105,0.00368,0.104,0.769,119.62,335800,4
4wo2FC3qqvi1gDKJZg4Boc,Cruel Summer,Black Marble,39,2012-10-09,0.65,0.69,3,-8.407,0,0.7,0.875,0.315,0.797,133.971,224181,4
5UWwZ5lm5PKu6eKsHAGxOk,Everlong,Foo Fighters,86,1997-05-20,0.413,0.881,11,-5.541,0,5.99e-05,0.000308,0.0805,0.364,158.066,250547,4
7yKWaoM62x4bSSZ3SKfSHp,The Sticks,Mother Mother,43,2012-09-18,0.475,0.936,10,-4.144,1,0.00592,0.0362,0.0736,0.323,137.882,242547,4
5wWoKe2BIKTRGQq5z0IG8d,Droplet,Sevish,32,2015-05-10,0.335,0.608,8,-11.433,1,0.0284,0.72,0.131,0.197,85.249,237093,4
5wWoKe2BIKTRGQq5z0IG8d,Droplet,Sevish,32,2015-05-10,0.335,0.608,8,-11.433,1,0.0284,0.72,0.131,0.197,85.249,237093,4
6CARQPhaL7UBhYP3QbX4ce,Angel Dog,Choir Boy,31,2016-10-26,0.6,0.514,7,-9.311,1,0.218,0.239,0.103,0.471,104.988,272071,4
0JiTlhWFc09Y1LecbstidD,Metamorphosis,Pinkshinyultrablast,23,2015-01-26,0.262,0.839,4,-8.77,0,0.00258,0.886,0.272,0.0627,137.73,401764,4
5Ext9ObPEi7wIcv5AiQWJy,Superstar,Sonic Youth,58,1994-01-01,0.317,0.498,5,-9.137,0,0.0515,0.306,0.121,0.141,84.563,246000,4
13HYthybjhM3iyWcfl8VcN,Pain,Boy Harsher,58,2014,0.717,0.924,2,-4.707,1,0.043,0.6,0.11,0.791,128.025,439490,4
2cEuRqcTMyHGALW3TlThNv,Три дня до лета,Lo-Sky,24,2016-05-26,0.647,0.708,8,-13.142,1,0.781,0.852,0.188,0.663,119.989,297469,4
2wiV5iKq5F5A0KUee4OrlK,Limerence,Yves Tumor,66,2017-03-17,0.325,0.322,8,-16.613,1,0.887,0.214,0.118,0.724,182.073,329361,3
27fhtd1gMJxbNIVHEjpxUs,Lucky Lobotomy,Catherine Moan,7,2021-09-24,0.674,0.677,7,-5.319,1,0.366,0.0193,0.107,0.344,110.003,187636,4
6aH04E2GklQTywTnOS44ux,Running Instead,dot pony,22,2020-01-31,0.56,0.509,0,-8.667,1,0.564,0.195,0.137,0.514,139.999,164143,3
6BVJaTGJN18W4bMf783SRP,Steady Turn the Cog,draag me,33,2020-01-31,0.557,0.498,4,-13.869,1,0.0305,0.63,0.12,0.0729,155.966,158571,4
3ozeIgf9g4assFBsLDjDP9,Natural Devotion,SPIRIT OF THE BEEHIVE,43,2016-03-03,0.185,0.529,4,-9.148,1,0.00204,0.702,0.083,0.182,64.379,226944,4
2qpLkj5FqUURIGnQYTZNo3,What's Good (What's Really Good),Pulses.,28,2017-07-21,0.538,0.877,4,-1.537,0,0.00116,0.0,0.122,0.39,140.05,193286,4
1TFOhZp3KF4zSLwMNmx4wO,Slap Pie,Men I Trust,44,2019-09-13,0.781,0.529,11,-14.35,0,0.0409,0.834,0.114,0.952,110.983,139815,4
4DNydDiMCbptxZkGq0TQ0V,Enjoy,Fleshwater,47,2022-11-04,0.283,0.92,1,-4.603,1,2.4e-06,0.0478,0.0903,0.193,86.443,203200,4
14BTIqf0ZBChsQK4V5jlSN,as i lie in wait,Your Arms Are My Cocoon,6,2021-01-01,0.327,0.494,4,-6.067,1,0.158,0.00245,0.452,0.303,123.87,197885,4
6P5hGhwljx61WBuvgEqkNq,evaporating,Delta Sleep,7,2021-01-01,0.228,0.703,8,-6.49,1,0.0091,0.0411,0.171,0.231,94.616,137184,4
0O66zhn7VRbUX54HfJuEW7,THRU THE VOID,Black Dresses,22,2019-02-05,0.615,0.978,6,-0.035,0,0.00259,3.98e-06,0.754,0.226,120.01,205963,4
2dH4kjxglp6b9K6CSGtL2j,Cherry Sinefold,Jade Cicada,24,2023-01-01,0.513,0.979,4,-3.642,0,0.03,0.107,0.147,0.217,85.262,192000,4
6X0den3vxTieW2byIpbj9J,The Flag Is Raised,Asian Glow,46,2022-07-14,0.504,0.798,8,-13.117,1,0.000886,0.849,0.135,0.572,134.056,175522,4
6Bnown8sKU7gWepCW6YNFI,A Smelly Death,Toytown,0,2019-04-26,0.642,0.746,0,-4.582,1,0.0222,0.00343,0.1,0.731,111.007,69096,4
0xf7V667bbsQ0hO7gWjAXc,a spell of primeval celtic sun worship for the sweet woman of the woods,gjallarhornit,14,2021-10-31,0.247,0.836,7,-8.02,1,0.371,0.871,0.116,0.0532,168.947,171391,4
0vyJXohBlZIjYvFO0Hdxkv,FESTA NA SUITE,Dylan Brady,11,2021-09-03,0.687,0.199,11,-8.376,1,0.0532,0.0,0.0711,0.537,139.687,109714,4
10nd0tq8g3fFpCM4hkgHFR,Woohoo,Fleshwater,47,2022-11-04,0.17,0.948,0,-3.265,1,1.35e-06,0.00152,0.493,0.163,87.066,224180,4
6po2p9fH8jS1Wl7JJBkKua,Histamine,Pudding Club,29,2022-12-31,0.119,0.386,0,-13.402,0,0.955,0.865,0.152,0.087,80.356,353834,4
1bAsazlKIAY8tf9aNxeLaW,BEARTRAP - Extended,faradayribcage,0,2022-08-05,0.102,0.962,7,-4.95,1,0.00164,0.0171,0.622,0.0379,80.252,312627,4
1rV2S4OJ07fDH9eYn40kb5,Never a Joke,Krill,4,2013-06-24,0.529,0.552,11,-7.093,1,0.000257,0.106,0.12,0.747,135.74,180960,4
0g5fNXDqdDFLRWENILmBYo,CRACK,1 800 PAIN,31,2020-09-11,0.531,0.871,11,0.245,0,0.0824,7.61e-06,0.436,0.531,135.206,198222,4
5AfLPXI7FaBYagoNg9ksnz,BANANAS,Cali Cartier,11,2020-11-20,0.671,0.789,11,-6.985,0,0.0346,0.000362,0.412,0.712,152.08,145048,4
7HD1McM7xFk4yok6SjD2Vy,FASTLANE,Cali Cartier,18,2021-08-27,0.498,0.566,9,-4.899,1,0.000526,0.186,0.354,0.368,158.394,90635,3
6uv1jlackfFvexk2wodl4M,Dropla,Youth Lagoon,26,2013,0.475,0.796,0,-8.011,0,0.0315,0.655,0.236,0.392,93.995,356813,4
13QT8JcWDBWx8dq5OBanHO,No Eyes,Baths,27,2013-05-28,0.644,0.584,0,-10.486,1,0.174,0.535,0.365,0.658,159.997,253674,4
1WfVntF3j4tgBpHyNUY2Na,through visual snow*,CRIM$ON,5,2023-05-05,0.3,0.525,2,-5.899,1,0.136,0.887,0.0941,0.0376,180.189,421335,4
0OyvWC9vCElyhpWEHlOERz,Infected People,Nochexxx,0,2015-07-01,0.448,0.999,11,-3.342,0,0.542,0.901,0.123,0.0374,120.043,267008,4
41toTEEmUJ9lzTHxw92wji,Last Club On Da Left,Nochexxx,0,2015-07-01,0.757,0.905,1,-4.56,1,0.37,0.838,0.137,0.157,114.004,342486,4
2HEJWQEutMLE2TyfvY6l1E,Between Two Stations,Nochexxx,0,2015-07-01,0.725,0.953,7,-5.948,1,0.703,0.85,0.103,0.772,138.957,264243,4
7BEywKw86FT4ysuMR6uZxi,Rusted Phoenix,Nochexxx,0,2015-07-01,0.529,0.594,10,-9.255,0,0.0149,0.259,0.104,0.036,101.28,333141,1
1zNtci3bKivI3xHI7KhI6P,Coin Collector,Nochexxx,0,2015-07-01,0.794,0.973,2,-4.583,1,0.0135,0.853,0.0734,0.488,125.998,250044,4
2eHvbNg4ciADemeqj3mXLN,Stinson Fish,Nochexxx,0,2015-07-01,0.466,0.949,7,-6.007,1,0.00303,0.577,0.0753,0.2,82.3,273934,4
0KVmSsGTXPKLqa8gkDKoJ0,Strike Now,Starkey,0,2006-04-03,0.571,0.746,11,-6.489,0,0.108,0.593,0.114,0.083,72.129,263600,4
7nizf55ys94cyCtlDndqrX,The Heat Vulnerable,Starkey,0,2006-04-03,0.702,0.757,11,-3.535,0,0.0949,0.759,0.322,0.516,141.992,172387,4
7LYPaZ2vyJBN6i99MJLqOS,Sweet Mickey,E L U C I D,24,2018-08-30,0.542,0.592,1,-9.958,1,0.235,0.0144,0.267,0.265,159.437,149773,4
0KEbst3fhAVaJlMQwzs8Qm,Rehearse with Ornette,E L U C I D,24,2018-08-30,0.463,0.525,2,-11.613,1,0.235,0.108,0.111,0.282,80.479,264013,4
324SJWggDq6FCdPvckfOlJ,No Days Off,E L U C I D,33,2018-08-30,0.511,0.608,1,-10.004,0,0.00146,9.79e-05,0.265,0.526,79.83,179053,4
7plNHuU4OG9u1Z2HtvEBNC,An echo from the hosts that profess infinitum,Shabazz Palaces,36,2011-06-28,0.658,0.364,7,-14.321,1,0.616,0.034,0.143,0.305,113.255,194573,4
781V2Y5LPtcpgONEOadadE,Get Got,Death Grips,62,2012-04-23,0.57,0.993,7,-3.757,1,0.00628,0.00796,0.0876,0.405,87.0,171867,4
5zKamSH5cS09llWtWUuHe9,The Dogs,Clark,20,2001-04-02,0.564,0.862,11,-6.843,0,0.00105,0.561,0.0474,0.556,90.799,173667,4
306cmatLHndtD0l5vbEoAV,Bricks,Clark,20,2001-04-02,0.401,0.939,8,-5.831,1,0.000145,0.726,0.247,0.3,189.742,161400,4
1D2SVNlLeB4aHl5NlFKcBI,Tasmanian Pain Coaster,Cedric Bixler-Zavala,27,2007-03-20,0.527,0.875,10,-5.223,0,0.048,0.0216,0.171,0.102,76.033,414867,4
5CQArxou1OKGWK5RMjISko,Smithereens (Stop Cryin'),El-P,24,2007-03-20,0.302,0.893,11,-5.748,1,0.322,0.0,0.564,0.469,79.905,272093,4
5K1E2khCTWeEwxN9jJw3Ws,Drive,El-P,21,2007-03-20,0.523,0.929,1,-4.189,1,0.0113,0.0,0.224,0.748,160.33,253600,4
6j1LQhYnQR3McqO8U9N6EE,Run The Numbers,Aesop Rock,26,2007-03-20,0.34,0.853,4,-5.966,0,0.0335,0.0,0.617,0.696,87.652,281933,4
63pdDeLroRpaT5uT805Q8M,Habeas Corpses (Draconian Love),Cage,21,2007-03-20,0.43,0.741,1,-7.521,1,0.0717,0.00658,0.188,0.437,85.181,274667,4
4eWZDgaawyC8nOrvp59alW,Flyentology,Trent Reznor,35,2007-03-20,0.57,0.903,3,-5.694,0,0.0678,0.000413,0.47,0.782,84.002,241240,4
7zlNKQRRjTHIy69MW0tf9c,NEW ERA,MATRIXUNNI,3,2022-10-18,0.712,0.673,7,-7.266,0,0.0123,0.292,0.104,0.383,125.991,215179,4
4UGBOiby6lkNRurUJ1tEF8,Dirty,Lucy Loone,22,2023-05-12,0.276,0.955,3,-5.592,0,0.00652,8.68e-05,0.165,0.182,164.995,229000,4
1rnPQpAKgbIKdY2LxTsE8D,Stunna,CherryX,0,2023-05-01,0.897,0.373,0,-14.624,0,0.117,3.61e-05,0.117,0.197,86.879,211730,4
4aXkAmluDdzw2QLpReJ2aN,Couch Surfer,Bran Van 3000,28,1997-04-01,0.639,0.835,11,-7.256,1,7.28e-05,0.108,0.497,0.496,96.031,170867,4
4aoltUt2QihElItwBAB5Eq,Japanese Eyes,Kitten,15,2012,0.619,0.942,7,-4.173,1,0.00179,0.000153,0.121,0.827,140.033,193680,4
4F0Tzpl5dPK7lalFCDChdg,Mentally Not Here,Elita,51,2023-03-22,0.652,0.71,11,-6.338,1,0.0564,0.663,0.164,0.497,111.025,155376,4
3Wnv3FIm9i4ahGXm5pQOYQ,Ethanol,Madge,33,2020-04-08,0.559,0.857,8,-7.972,1,0.000554,0.00562,0.448,0.236,180.053,150667,4
3WocjH8HgPMUx2UtJzjU8J,POOF,DSL,50,2021-09-24,0.939,0.37,2,-7.605,1,0.000895,0.00255,0.127,0.137,126.013,108095,4
63WngcgGxwtEvSmM5BJeKJ,i kinda want the world to end,Gilanares,13,2023-02-17,0.476,0.936,4,-4.943,1,0.366,4.04e-06,0.259,0.267,164.294,165000,4
0YLlkbUfU1VJkU00nQ2S06,i met god,Gilanares,16,2023-02-17,0.561,0.396,4,-7.582,1,0.845,1.19e-06,0.104,0.0511,110.051,206182,4
4ZBgz0Bu9YcqUr7xtP78T8,Now I'm Hi Pt. 3,Three 6 Mafia,33,1995-05-09,0.788,0.962,2,-3.619,1,0.649,1.19e-06,0.331,0.268,112.539,310533,4
72OgV1loKAh6UlLCPwA2en,HYMN,Nina Utashiro,24,2022-07-06,0.718,0.561,1,-8.638,1,0.522,0.00164,0.0922,0.391,135.017,164964,4
795E4UJ5v61bdwBJTGn7WN,Happy,Dualitè,8,2023-01-20,0.725,0.409,8,-13.69,1,0.113,0.0,0.111,0.359,150.039,102539,4
7j2CnRCRsAX2BO8pxdBViV,Outcall,Dualitè,10,2023-01-20,0.833,0.634,1,-9.834,1,0.177,0.0,0.0789,0.584,125.049,123343,4
10yIPIi5rLXQvIUReCA2Ps,Club Cooter: Reloaded,Chase Icon,48,2023-04-13,0.726,0.68,6,-11.351,0,0.00699,0.0,0.69,0.725,123.135,109269,4
2exX3S1mQG1e8HvZWV88Ob,Bang (My Body),Chase Icon,48,2022-10-14,0.662,0.927,6,-5.971,1,0.0031,0.000127,0.374,0.913,129.971,187750,4
53r0c2Nw6QBi1kYNT8AYAx,Juicy Fruit,Brooke Candy,37,2023-02-14,0.902,0.582,11,-5.123,0,0.221,0.00176,0.161,0.752,132.976,141387,4
73HOaSTb8lKquokNk9USUf,Under Pressure,Hanin Elias,2,1996-08-26,0.672,0.958,6,-5.987,0,0.00188,7.06e-05,0.447,0.514,152.969,214760,4
0D2VPQ57FeEUkJz2wxpKKg,Supply/Demand,Sugar Pit,43,2023-03-08,0.496,0.716,4,-6.34,0,0.044,0.0,0.092,0.695,137.943,159000,4
2Pkl3R31DQYt9BCFwwlKzW,I Wish,BigKlit,11,2022-03-15,0.622,0.677,10,-7.478,1,0.0849,0.0,0.323,0.576,77.66,87716,4
1SxU9o4S2lIVCIUyuaiNqt,Call,Wyatt Smith,24,2020-10-23,0.403,0.522,4,-9.632,1,0.0101,0.829,0.171,0.209,140.132,102629,4
4QSlGmd48WfNMbHe8FKecR,Nothing Without You,Anita Velveeta,32,2022-07-15,0.32,0.805,2,-6.85,1,0.0504,0.000423,0.0972,0.559,100.509,143759,4
2NAAEtsHzVDaOj8DSnhUvd,Joyride (feat. Eartheater),Eartheater,29,2021-09-10,0.588,0.788,11,-5.565,0,0.0995,0.000503,0.422,0.562,131.996,166309,4
0v47gVwftGwimOa6tMAW7d,How to Be a Woman,Cerce,34,2017-02-14,0.342,0.921,1,-3.785,1,1.46e-05,0.000233,0.391,0.623,80.518,65943,4
7EMpkYw3hjDdpfobVThuQA,Simply Beautiful,Lizzy Mercier Descloux,11,1985-01-08,0.728,0.409,2,-14.945,1,0.633,0.448,0.108,0.85,89.646,239750,4
7xHwZojDKv6RZH6mQUbFLp,Bummer,Taraneh,10,2022-07-28,0.662,0.484,5,-9.178,0,0.0331,0.683,0.14,0.158,100.004,290335,4
618vJ3LQKiWUjevoQK19nA,Air Bnb Sonnet - Club Eat Remix,Club Eat,18,2022-05-27,0.648,0.892,1,-6.382,1,9.2e-05,0.876,0.102,0.895,117.996,291864,4
0UkPMjn6f548zWNgM66Whj,FIGHT FIGHT,Jasiah,40,2023-03-29,0.683,0.972,9,-4.741,1,0.00731,0.0,0.139,0.524,165.962,102000,4
2Miap882SbE8Ms89ONapNH,Opus,Uranium Club,28,2017-01-13,0.366,0.535,9,-6.401,0,0.00128,0.0721,0.0595,0.622,96.605,244176,4
6ucSM84v4JtaTM3D3jHLQi,The Dominatrix Sleeps Tonight (Dominant Mix),Jay Burnette,8,2022-04-28,0.861,0.648,10,-8.192,0,0.0323,0.73,0.0835,0.766,112.631,288421,4
6zeVvXUNIvxEhvgcSaidSK,Dreamless,Jawbox,19,1992-05-01,0.149,0.962,0,-7.186,1,0.000327,0.00191,0.36,0.382,182.347,248880,4
3RzYbj6Rr6mSJCar4Ua86F,I Don't Care,VIOLENT VIRA,63,2021-09-24,0.367,0.856,1,-7.358,1,0.0024,0.0,0.15,0.253,175.017,181029,4
5XOHcCxasESKJzoLF7I4iy,Cum on Feel the Noize,Bran Van 3000,23,1997-04-01,0.31,0.784,6,-6.324,0,0.000827,8.29e-06,0.432,0.185,119.978,201507,4
6VzfECQN2zm23tTpl723cg,Willard,Bran Van 3000,17,1997-04-01,0.449,0.501,0,-9.968,1,0.514,1.26e-05,0.7,0.207,171.812,145093,3
4EN8bvbrouNrylrTucVkdb,90's Prostitution Racket - Mixed,Gerry Read,38,2021-05-14,0.77,0.732,1,-8.161,1,0.00132,0.346,0.349,0.566,123.017,197052,4
55meeb1WffJW16DfMnWVi0,()vȯ)) ̷̨ʅ(۝ʅ(Ɵʅ():::()̵̳̗̊(Ɵʅ()vȯ)) ̷̨ʅ,⣎⡇ꉺლ༽இ•̛)ྀ◞ ༎ຶ ༽ৣৢ؞ৢ؞ؖ ꉺლ,49,2022-08-19,0.852,0.93,1,-7.02,1,0.0127,0.494,0.0573,0.236,129.028,271642,4
1w25Ghl2pSLHV8K4xHCXkH,The Mill,Sybyr,8,2021-06-11,0.783,0.818,6,-4.599,1,0.00477,0.00263,0.132,0.875,124.018,154839,4
10BWteuZBVBYvyj3PWjbrs,Count It (KLSH Remix),KLSH,17,2022-09-16,0.637,0.896,1,-6.296,1,0.104,0.15,0.0648,0.645,81.488,220507,4
2bFZpoFmy0n3825STXFqrg,There is a Dream,Chloe Frances,40,2019-03-26,0.527,0.119,0,-23.419,1,0.944,0.867,0.313,0.118,123.619,144145,4
6DdTte07spm10bOPJrmDuZ,Loot My Body,Man Man,35,2013-09-10,0.757,0.824,10,-3.497,0,0.299,2.3e-05,0.0313,0.876,95.028,205760,4
1vRad6aBUZngnhxaw0OTIr,Puppy Love,Lalleshwari (Katie Jane Garside),22,2007-12-17,0.236,0.625,9,-10.237,0,0.977,0.017,0.288,0.137,98.394,217120,4
2gLyZC7Pqo739qy5TrEjCJ,TV-GLOTZER (WHITE PUNKS ON DOPE),Nina Hagen,38,1982,0.366,0.664,6,-11.117,0,0.000628,2.19e-05,0.322,0.704,101.177,328693,4
0msIDeGgPRGoIogiD35W0G,How Human,Oddly Shrugs,16,2020-02-08,0.458,0.891,1,-3.963,0,0.0071,4.41e-05,0.382,0.428,142.026,135419,4
7wnRHeYAAd0KqkFe3ZQHcI,Midnight Legend,Mykki Blanco,40,2022-08-31,0.664,0.717,10,-5.494,0,0.00545,0.00205,0.0634,0.304,119.917,204874,4
5kBvOYFXzTzFV7BMJqcbF6,Chromatic,Bloodthirsty Butchers,1,2007-02-27,0.308,0.66,6,-5.506,1,0.00958,0.00581,0.21,0.35,130.187,129480,4
3lh13ihuAqNqMm98pHShBI,"THE MESSAGE 3: Blood (see page 39, 179, and Bye)",Slauson Malone,29,2020-09-16,0.494,0.633,11,-8.244,1,0.771,3.99e-06,0.115,0.22,81.506,242650,4
75Ax1ZuwYF9XWxVWI9Lqhj,Diamond Man,Crystal Murray,13,2020-04-15,0.907,0.601,2,-6.306,1,0.101,0.00329,0.0157,0.57,124.978,163936,4
7AUYgCq6M44zb2HXSMkoEY,Scummy Summer,Skating Polly,12,2014-02-25,0.296,0.996,5,-5.841,1,0.554,0.545,0.316,0.153,143.889,146947,4
4KK5gvFhaQzNurW9dp4Smi,Chartreuse,Boy Jr.,18,2022-06-24,0.503,0.585,1,-9.618,1,0.0161,0.0928,0.137,0.228,84.026,282381,4
0xVXFQKJYMzQlQ7BmX0PwI,Mine,TiaCorine,34,2020-09-04,0.817,0.575,4,-4.967,0,0.0395,1.25e-05,0.102,0.376,83.984,199560,4
4FDRsIIuBxPK0P3nfHtxp2,Tesla,DETO BLACK,10,2021-05-13,0.707,0.803,11,-5.232,1,0.334,0.0017,0.831,0.489,74.024,90897,4
7m66qhYm3k2cKZ2IujGX27,No Change,Bekah CC,5,2021-12-03,0.734,0.815,8,-9.614,0,0.484,0.411,0.183,0.2,100.009,127200,4
6mhdKfHDaEG8WEDYfC0HxU,Late Stage,Chainsaw Girl,7,2021-10-22,0.248,0.696,2,-7.697,1,0.00382,0.766,0.129,0.387,153.083,227342,4
6kxyEwp3Z8R64gkvHqAmPB,Rare Angel,death's dynamic shroud,24,2022-09-27,0.61,0.646,0,-8.443,1,0.0759,0.0259,0.217,0.0989,112.003,376668,4
7BFBcafNxz817vPvpUZza1,//,Doused,24,2021-04-16,0.284,0.521,0,-19.79,1,0.99,0.954,0.211,0.589,104.977,65434,4
5VbvMvs7NNKij7xVNsC1V5,Acid,"Dream, Ivory",48,2020-02-27,0.563,0.641,9,-7.492,0,0.003,0.794,0.493,0.365,80.011,264820,3
3vHTp0PSVjgnqocdLHCk19,Undress,Pretty Sick,48,2020-10-29,0.238,0.875,2,-4.715,1,0.00245,0.157,0.146,0.299,120.363,239519,4
5LxdOkc6kmpxFk2bvJZqaI,post traumatic all-night-long,salvia palth,58,2013-01-01,0.352,0.619,7,-7.995,0,0.69,0.826,0.111,0.0787,126.022,162691,4
0Ofu5ebeAMysosONEClFYZ,Team Follow (18 Carat Affair Re-Freak),George Clanton,16,2012-04-11,0.538,0.575,7,-7.967,1,0.0141,0.88,0.297,0.525,131.97,236042,4
1LPDVjYGL9x5nhKaSYV6Bl,Death Became Her,18 Carat Affair,17,2011-11-11,0.619,0.511,1,-11.381,1,0.149,0.0794,0.104,0.523,89.03,118047,4
12n6lZRx1SWGJDY6Ol8z8o,Kill You in Bed,George Clanton,15,2016-10-29,0.603,0.848,6,-5.964,0,0.062,0.0538,0.138,0.422,146.172,235153,4
3lUTHQlniRIqXmxbRlxC0U,Warmspot,George Clanton,34,2015-09-24,0.489,0.583,1,-9.864,1,0.000717,0.0941,0.0856,0.167,87.056,264765,4
0Riqr4tGAjsWYhUDGelssv,Radioaktivität - 2009 Remaster,Kraftwerk,36,1975,0.58,0.639,9,-11.672,0,0.0847,0.991,0.437,0.116,121.746,401600,4
0bYg9bo50gSsH3LtXe2SQn,All I Want for Christmas Is You,Mariah Carey,68,1994-10-28,0.336,0.627,7,-7.463,1,0.164,0.0,0.0708,0.35,150.273,241107,4
5EQU2jes2sHygS3cFLGuso,Trouble,Shampoo,44,1994,0.796,0.971,9,-6.339,1,0.025,0.00226,0.32,0.963,133.159,193142,4
0xEDZ49frv1qKYuWFkqvUF,where does the party go?,Uffie,30,2022-05-20,0.754,0.861,6,-4.451,1,0.0439,0.0103,0.68,0.928,136.034,178547,4
597X2rGKQA4nOujF7YrAbW,Si l'on ride,Muddy Monk,44,2018-11-09,0.432,0.512,5,-6.967,1,0.00117,0.000268,0.108,0.0593,79.95,271894,4
4zyPlHMdEzygdC9bGcfJPR,Request Denied,El-P,28,2012,0.397,0.859,10,-6.343,0,0.00127,0.00834,0.0903,0.471,129.432,272573,4
2OIVxvKa7XYSiZO7IYyIK5,The Full Retard,El-P,41,2012,0.493,0.758,8,-6.458,1,0.00201,0.0,0.149,0.46,110.075,219813,5
6fYonstl3elKroeUaFysIS,Drones over Bklyn,El-P,29,2012,0.488,0.893,8,-4.188,1,0.0165,3.87e-05,0.0835,0.239,139.742,349760,3
59lhh67RFroR4p8Hh1nrZA,Oh Hail No (feat. Mr. Motherfucking Exquire & Danny Brown),Danny Brown,30,2012,0.39,0.857,4,-6.16,0,0.00485,0.0,0.717,0.362,92.944,221147,4
2tFKZgbgaHuX68fQpqdWAU,Tougher Colder Killer (feat. Killer Mike & Despot),Despot,34,2012,0.699,0.767,2,-5.816,1,0.0126,1.04e-06,0.409,0.593,129.84,219000,4
0tyO5QX6e5QUYcz2VJqk0x,True Story,El-P,25,2012,0.464,0.941,11,-4.241,1,0.0051,0.000183,0.245,0.553,177.196,194453,4
54OswDkOMOKM0oJkZaTuwj,Worsening,Baths,27,2013-05-28,0.688,0.668,5,-12.163,0,0.18,0.808,0.216,0.293,100.004,265952,3
6AkVzqwYPf8ml2D6v86ygc,Orator,Baths,18,2014-05-06,0.741,0.467,0,-9.709,0,0.0569,0.675,0.16,0.388,86.673,194259,4
3iVGuqs4nfHMRzOVPmyCRb,To a Fault,Dntel,8,2007-02-12,0.592,0.732,7,-8.927,1,0.219,0.572,0.112,0.444,131.045,392547,4
5kLVxEDTb1f5DNMVmwBxgG,Why I'm So Unhappy - Remastered,Dntel,14,2011-10-25,0.466,0.347,11,-9.704,1,0.296,0.722,0.141,0.0368,140.002,420240,3
4iRtrvu2GVOCImocv42Wz2,Smog,Indigo De Souza,47,2023-03-08,0.648,0.54,4,-8.988,0,0.0616,6.73e-06,0.0809,0.283,130.022,194452,4
68eFHzVBOEnG3r8mWiZIuP,Flirted With You All My Life,Vic Chesnutt,38,2009-09-21,0.611,0.287,5,-12.157,1,0.116,0.000892,0.0558,0.366,100.269,281720,4
5CjEOqUXFnDPHwM5TwOqMx,Twenty Cycles To The Ground,Will Johnson,26,2009-11-03,0.548,0.324,11,-14.07,1,0.813,0.514,0.0976,0.661,98.707,187880,4
7pgOHQxqsiF9OVBmApHguY,I Want a House,Mr Twin Sister,31,2009-11-03,0.708,0.433,2,-11.325,1,0.228,0.452,0.383,0.3,161.962,269256,4
0C8Rz4NiKOSEXaX1da590N,Fuchsia,Thed Jewel,18,2016-11-18,0.41,0.589,0,-13.408,1,0.0553,0.0,0.738,0.536,88.54,164285,4
641pgq69dbpVkHvL1PgVu6,Laguna Seca,Shearwater,16,2022-06-10,0.608,0.553,8,-13.077,0,0.753,0.413,0.252,0.352,112.06,289173,4
5TH4f3UjmbuEbb2nkLOHr6,Kill Tone,Odd Nosdam,7,2007-08-28,0.375,0.873,8,-6.675,0,0.118,0.854,0.823,0.0723,145.489,310257,5
5Z3vaQjZJTv86w7dmDumeO,Small Mr. Man Pants,Odd Nosdam,8,2005-06-14,0.148,0.645,1,-9.968,1,0.0103,0.768,0.0944,0.138,70.992,361320,4
0mXJUvP1Mq1nxSbEoJsXxM,Untitled One,Odd Nosdam,13,2005-06-14,0.321,0.644,6,-10.611,0,0.0191,0.32,0.25,0.071,78.445,197573,4
0suiQNms22Pb6k0FJojGcd,Closed Shoulders - cLOUDDEAD Remix,cLOUDDEAD,0,2003-06-02,0.37,0.466,1,-13.041,1,0.749,0.958,0.309,0.0391,138.101,299320,4
3LaT8jErwpleEhBknRYtk1,Refreshing Beverage,Odd Nosdam,6,2005-06-14,0.454,0.787,5,-12.332,1,0.528,0.312,0.0824,0.623,79.41,261347,4
5CjY1v6WrnC9GqLQF8nPGL,Dumpster,Penelope Scott,48,2020-09-25,0.242,0.361,8,-13.265,1,0.288,0.718,0.116,0.192,81.236,152120,4
3PxpminUFZAdMYXhDuYslU,RESIDENT EVIL,Electra ⚡,0,2023-01-20,0.877,0.687,1,-5.662,1,0.0141,0.000107,0.112,0.314,123.332,233514,4
46oXPCSJiLmmsnx9HOtUwt,Let the Dead Sleep,Electra ⚡,3,2017-11-16,0.486,0.223,0,-15.467,1,0.822,0.00126,0.0822,0.193,139.1,249496,4
1scXzpXzEQsSemzVIfy8bS,911,Electra ⚡,0,2020-01-14,0.568,0.923,5,-5.147,1,0.000107,0.871,0.107,0.0396,137.007,140146,4
65UwxpyNQHktPBZAsRRnCu,Trillology,Mars X,0,2020-08-05,0.652,0.41,11,-10.899,0,0.557,0.295,0.115,0.452,187.931,234894,4
292h0AOEEmddv9wIWnrDl4,Is It Cold In The Water?,SOPHIE,44,2018-06-15,0.233,0.39,0,-6.943,0,0.000781,0.000228,0.141,0.0565,159.667,212213,4
0vGmQtQ36MOtOie1Vz1Xi4,Connect,Dntel,7,2021-09-03,0.709,0.463,10,-14.078,1,0.00257,0.000141,0.161,0.597,127.984,202600,4
11C2O5zYbJAxtlb1bRPfqk,Disappearing,Low,30,2021-09-10,0.208,0.717,5,-5.456,1,0.144,0.0814,0.529,0.0839,129.37,212022,4
0LIhIm6U7BOnVBk0FSDdzr,White Horses,Low,34,2021-09-10,0.625,0.336,4,-4.037,0,0.0249,0.00963,0.276,0.231,160.136,303595,4
5pSUjdZs1w7k6o44ej11Sa,Not In Love,Crystal Castles,43,2010-01-01,0.451,0.951,10,-3.606,0,0.000245,0.67,0.359,0.308,136.008,210573,4
0kdZlMZ0M9jEGDub2LVgY1,Squished Face Slick Pig Living in a Smokey City,The Garden,40,2022-09-08,0.379,0.909,5,-5.991,1,0.00746,0.0612,0.348,0.412,104.371,177493,4
46Cp4jHAIQRKexJYpzJpbd,X in the Dirt,The Garden,47,2022-09-08,0.392,0.98,11,-4.946,0,0.00462,0.0149,0.345,0.253,166.714,148507,4
5Mpt1ZkbTCskrgTAclludh,i'm gONNA GO OUT THE COUNTRY !!!,KevinKempt,32,2023-05-19,0.362,0.714,1,-1.503,1,0.0017,0.0,0.388,0.153,170.252,187765,4
1yWUk6JbSxNwGpmpawtAVu,Fall To Pieces,Six Finger Satellite,3,1998-08-11,0.311,0.75,2,-12.531,1,0.535,0.141,0.185,0.152,150.797,453107,4
3HBpOyKIvfSKysKZyXlaVY,The Overload,Talking Heads,34,1980-10-08,0.438,0.185,4,-21.039,1,0.787,0.7,0.0511,0.0447,91.854,360693,4
7MjVZk35nuTVYCL5gUFCHW,Broken Bridge,Bel Cobain,29,2020-02-04,0.425,0.611,1,-6.147,0,0.824,0.00164,0.135,0.469,77.644,201091,5
7C9V2rzYSKD7lKC10XqHnX,whatevz,Ayegy,21,2021-12-15,0.69,0.755,1,-9.462,0,0.0987,0.588,0.159,0.241,150.048,123339,4
1J7tDzc6pBGRQigaP9yVfZ,Spiritual Cramp,Ayegy,20,2023-03-10,0.62,0.935,9,-16.387,0,0.44,0.943,0.115,0.21,145.018,202103,4
5FMRQHWqJQEcakuE4TZ81v,Girltoy,Ayegy,19,2021-10-08,0.391,0.633,11,-6.89,0,0.000987,0.489,0.353,0.168,148.514,176727,4
