danceability,energy,key,loudness,mode,speechiness,acousticness,instrumentalness,liveness,valence,tempo,type,id,uri,track_href,analysis_url,duration_ms,time_signature
0.461,0.494,7.0,-12.185,0.0,0.025,0.633,0.0832,0.112,0.697,96.337,audio_features,2lTnA8Z6rmjIvQRcEy3XLH,spotify:track:2lTnA8Z6rmjIvQRcEy3XLH,https://api.spotify.com/v1/tracks/2lTnA8Z6rmjIvQRcEy3XLH,https://api.spotify.com/v1/audio-analysis/2lTnA8Z6rmjIvQRcEy3XLH,330133.0,4.0
0.832,0.682,8.0,-5.667,0.0,0.272,0.0446,2.36e-06,0.171,0.771,140.031,audio_features,2DpN9CD40HlI9zohtMVPPF,spotify:track:2DpN9CD40HlI9zohtMVPPF,https://api.spotify.com/v1/tracks/2DpN9CD40HlI9zohtMVPPF,https://api.spotify.com/v1/audio-analysis/2DpN9CD40HlI9zohtMVPPF,199320.0,4.0
0.372,0.713,4.0,-10.287,1.0,0.0314,0.111,0.0,0.364,0.691,105.058,audio_features,023qVb1qRZukCjoX8NmMEw,spotify:track:023qVb1qRZukCjoX8NmMEw,https://api.spotify.com/v1/tracks/023qVb1qRZukCjoX8NmMEw,https://api.spotify.com/v1/audio-analysis/023qVb1qRZukCjoX8NmMEw,176913.0,4.0
0.256,0.54,2.0,-13.037,1.0,0.0717,1.44e-05,0.537,0.147,0.321,99.993,audio_features,324hW4SIzty1NiMLJNANnO,spotify:track:324hW4SIzty1NiMLJNANnO,https://api.spotify.com/v1/tracks/324hW4SIzty1NiMLJNANnO,https://api.spotify.com/v1/audio-analysis/324hW4SIzty1NiMLJNANnO,225500.0,4.0
0.416,0.723,7.0,-9.793,0.0,0.136,0.204,4.89e-06,0.116,0.719,170.3,audio_features,7A4qkJulbEMvveTLvj7Tbo,spotify:track:7A4qkJulbEMvveTLvj7Tbo,https://api.spotify.com/v1/tracks/7A4qkJulbEMvveTLvj7Tbo,https://api.spotify.com/v1/audio-analysis/7A4qkJulbEMvveTLvj7Tbo,265147.0,4.0
0.497,0.795,1.0,-9.114,1.0,0.0428,0.0804,0.408,0.162,0.083,138.065,audio_features,0u1HWtNuJMtzCk6ji6PKLD,spotify:track:0u1HWtNuJMtzCk6ji6PKLD,https://api.spotify.com/v1/tracks/0u1HWtNuJMtzCk6ji6PKLD,https://api.spotify.com/v1/audio-analysis/0u1HWtNuJMtzCk6ji6PKLD,344973.0,4.0
0.362,0.578,1.0,-10.692,1.0,0.0998,0.00142,0.782,0.205,0.128,83.047,audio_features,2IiviSu5nGfTBDBfCvVL4s,spotify:track:2IiviSu5nGfTBDBfCvVL4s,https://api.spotify.com/v1/tracks/2IiviSu5nGfTBDBfCvVL4s,https://api.spotify.com/v1/audio-analysis/2IiviSu5nGfTBDBfCvVL4s,273798.0,4.0
0.404,0.763,0.0,-4.657,1.0,0.064,0.534,0.0772,0.197,0.136,83.924,audio_features,2aXZlVSk4HbEaZVKI8B5SN,spotify:track:2aXZlVSk4HbEaZVKI8B5SN,https://api.spotify.com/v1/tracks/2aXZlVSk4HbEaZVKI8B5SN,https://api.spotify.com/v1/audio-analysis/2aXZlVSk4HbEaZVKI8B5SN,428132.0,4.0
0.225,0.823,8.0,-5.8,0.0,0.316,0.163,0.886,0.401,0.316,84.965,audio_features,3srQ1CVwvHeH7eUyPD1Hss,spotify:track:3srQ1CVwvHeH7eUyPD1Hss,https://api.spotify.com/v1/tracks/3srQ1CVwvHeH7eUyPD1Hss,https://api.spotify.com/v1/audio-analysis/3srQ1CVwvHeH7eUyPD1Hss,167805.0,4.0
0.697,0.298,2.0,-13.037,1.0,0.0286,0.462,0.782,0.107,0.561,106.429,audio_features,3KZRkM7Uv0F2oCTUHAvv0a,spotify:track:3KZRkM7Uv0F2oCTUHAvv0a,https://api.spotify.com/v1/tracks/3KZRkM7Uv0F2oCTUHAvv0a,https://api.spotify.com/v1/audio-analysis/3KZRkM7Uv0F2oCTUHAvv0a,279253.0,4.0
0.531,0.575,5.0,-11.303,0.0,0.0371,0.313,0.12,0.11,0.485,112.847,audio_features,7ydapdmQ4oivP54X29q7Af,spotify:track:7ydapdmQ4oivP54X29q7Af,https://api.spotify.com/v1/tracks/7ydapdmQ4oivP54X29q7Af,https://api.spotify.com/v1/audio-analysis/7ydapdmQ4oivP54X29q7Af,327147.0,4.0
0.787,0.34,1.0,-11.114,0.0,0.116,0.593,0.00195,0.108,0.519,118.005,audio_features,1nWRZiUhOLXL4VrnqqxWpD,spotify:track:1nWRZiUhOLXL4VrnqqxWpD,https://api.spotify.com/v1/tracks/1nWRZiUhOLXL4VrnqqxWpD,https://api.spotify.com/v1/audio-analysis/1nWRZiUhOLXL4VrnqqxWpD,259760.0,4.0
0.505,0.822,2.0,-7.422,1.0,0.0437,0.163,0.587,0.0973,0.783,127.269,audio_features,3goAZkPX0CfvUOFERG9zaN,spotify:track:3goAZkPX0CfvUOFERG9zaN,https://api.spotify.com/v1/tracks/3goAZkPX0CfvUOFERG9zaN,https://api.spotify.com/v1/audio-analysis/3goAZkPX0CfvUOFERG9zaN,387480.0,4.0
0.477,0.324,4.0,-11.344,1.0,0.0323,0.815,0.00857,0.121,0.268,97.408,audio_features,2gv7FaPoTqGuY5DWIgF9ma,spotify:track:2gv7FaPoTqGuY5DWIgF9ma,https://api.spotify.com/v1/tracks/2gv7FaPoTqGuY5DWIgF9ma,https://api.spotify.com/v1/audio-analysis/2gv7FaPoTqGuY5DWIgF9ma,332440.0,4.0
0.46,0.104,0.0,-18.554,1.0,0.0329,0.975,0.0543,0.102,0.147,96.069,audio_features,0grzc7C5tKnUCwgI0i2wM5,spotify:track:0grzc7C5tKnUCwgI0i2wM5,https://api.spotify.com/v1/tracks/0grzc7C5tKnUCwgI0i2wM5,https://api.spotify.com/v1/audio-analysis/0grzc7C5tKnUCwgI0i2wM5,194667.0,4.0
0.628,0.34,2.0,-10.46,0.0,0.0342,0.72,0.00053,0.0922,0.0555,120.081,audio_features,2iFJE0hP8aMmLKkldk4r77,spotify:track:2iFJE0hP8aMmLKkldk4r77,https://api.spotify.com/v1/tracks/2iFJE0hP8aMmLKkldk4r77,https://api.spotify.com/v1/audio-analysis/2iFJE0hP8aMmLKkldk4r77,274257.0,4.0
0.591,0.309,0.0,-10.435,1.0,0.0253,0.655,0.475,0.0968,0.35,129.991,audio_features,3g5v5S6Adv3gqPpKuli6Q5,spotify:track:3g5v5S6Adv3gqPpKuli6Q5,https://api.spotify.com/v1/tracks/3g5v5S6Adv3gqPpKuli6Q5,https://api.spotify.com/v1/audio-analysis/3g5v5S6Adv3gqPpKuli6Q5,229183.0,4.0
0.465,0.429,6.0,-17.951,1.0,0.0677,0.564,0.056,0.102,0.625,99.813,audio_features,52J1P6LhBytEgXll2Z1lpB,spotify:track:52J1P6LhBytEgXll2Z1lpB,https://api.spotify.com/v1/tracks/52J1P6LhBytEgXll2Z1lpB,https://api.spotify.com/v1/audio-analysis/52J1P6LhBytEgXll2Z1lpB,205583.0,4.0
0.402,0.329,7.0,-14.22,1.0,0.0584,0.4,1.71e-05,0.245,0.112,123.1,audio_features,1wxCdU4g7hAUWkevFKIClG,spotify:track:1wxCdU4g7hAUWkevFKIClG,https://api.spotify.com/v1/tracks/1wxCdU4g7hAUWkevFKIClG,https://api.spotify.com/v1/audio-analysis/1wxCdU4g7hAUWkevFKIClG,198920.0,4.0
0.498,0.419,7.0,-9.285,0.0,0.111,0.785,3.68e-05,0.568,0.262,137.439,audio_features,11ZY9wPKm72osWrXBPYoSc,spotify:track:11ZY9wPKm72osWrXBPYoSc,https://api.spotify.com/v1/tracks/11ZY9wPKm72osWrXBPYoSc,https://api.spotify.com/v1/audio-analysis/11ZY9wPKm72osWrXBPYoSc,314000.0,4.0
0.561,0.51,11.0,-10.51,0.0,0.0682,0.0506,0.036,0.235,0.411,150.123,audio_features,18CbRJkvKJIlkmbg3MqblT,spotify:track:18CbRJkvKJIlkmbg3MqblT,https://api.spotify.com/v1/tracks/18CbRJkvKJIlkmbg3MqblT,https://api.spotify.com/v1/audio-analysis/18CbRJkvKJIlkmbg3MqblT,220186.0,4.0
0.554,0.479,9.0,-12.022,1.0,0.0569,0.368,0.00241,0.0842,0.176,159.829,audio_features,1EyC2Jmbd6cduxv9vcYlSb,spotify:track:1EyC2Jmbd6cduxv9vcYlSb,https://api.spotify.com/v1/tracks/1EyC2Jmbd6cduxv9vcYlSb,https://api.spotify.com/v1/audio-analysis/1EyC2Jmbd6cduxv9vcYlSb,280056.0,3.0
0.734,0.468,1.0,-9.029,1.0,0.0912,0.018,0.0,0.382,0.285,118.001,audio_features,35tWhD29yvWwB0IDRr6zsL,spotify:track:35tWhD29yvWwB0IDRr6zsL,https://api.spotify.com/v1/tracks/35tWhD29yvWwB0IDRr6zsL,https://api.spotify.com/v1/audio-analysis/35tWhD29yvWwB0IDRr6zsL,188947.0,4.0
0.31,0.693,5.0,-4.266,0.0,0.0488,0.0619,1.24e-05,0.111,0.0815,149.158,audio_features,1ZiRP1fP6Cqc2oG3H6kuRN,spotify:track:1ZiRP1fP6Cqc2oG3H6kuRN,https://api.spotify.com/v1/tracks/1ZiRP1fP6Cqc2oG3H6kuRN,https://api.spotify.com/v1/audio-analysis/1ZiRP1fP6Cqc2oG3H6kuRN,162000.0,4.0
0.518,0.86,3.0,-4.628,1.0,0.0375,0.0324,0.00211,0.246,0.68,125.046,audio_features,0ozMc7n0ItuLpGrUEFDXER,spotify:track:0ozMc7n0ItuLpGrUEFDXER,https://api.spotify.com/v1/tracks/0ozMc7n0ItuLpGrUEFDXER,https://api.spotify.com/v1/audio-analysis/0ozMc7n0ItuLpGrUEFDXER,252780.0,4.0
0.347,0.767,1.0,-5.973,1.0,0.0666,0.3,0.0,0.134,0.327,109.261,audio_features,6DkohHShwLU1NCtGRqY42v,spotify:track:6DkohHShwLU1NCtGRqY42v,https://api.spotify.com/v1/tracks/6DkohHShwLU1NCtGRqY42v,https://api.spotify.com/v1/audio-analysis/6DkohHShwLU1NCtGRqY42v,231583.0,3.0
0.485,0.331,8.0,-9.935,1.0,0.356,0.108,0.00319,0.0945,0.61,96.858,audio_features,4yHYjLDcFlSEYnsmqYxIrA,spotify:track:4yHYjLDcFlSEYnsmqYxIrA,https://api.spotify.com/v1/tracks/4yHYjLDcFlSEYnsmqYxIrA,https://api.spotify.com/v1/audio-analysis/4yHYjLDcFlSEYnsmqYxIrA,84562.0,4.0
0.29,0.105,5.0,-24.769,0.0,0.0424,0.866,0.564,0.0901,0.0325,69.285,audio_features,15p0b3cJkJZm43QGl2gDsP,spotify:track:15p0b3cJkJZm43QGl2gDsP,https://api.spotify.com/v1/tracks/15p0b3cJkJZm43QGl2gDsP,https://api.spotify.com/v1/audio-analysis/15p0b3cJkJZm43QGl2gDsP,189323.0,3.0
0.648,0.834,9.0,-7.158,0.0,0.0492,0.0327,0.142,0.0586,0.748,121.31,audio_features,1sKqP1RUuqQZHGNp0C1kJJ,spotify:track:1sKqP1RUuqQZHGNp0C1kJJ,https://api.spotify.com/v1/tracks/1sKqP1RUuqQZHGNp0C1kJJ,https://api.spotify.com/v1/audio-analysis/1sKqP1RUuqQZHGNp0C1kJJ,209227.0,4.0
0.58,0.854,5.0,-8.516,0.0,0.175,0.00371,0.18,0.119,0.177,127.091,audio_features,6YcfAU2P3KETyULHliTWXn,spotify:track:6YcfAU2P3KETyULHliTWXn,https://api.spotify.com/v1/tracks/6YcfAU2P3KETyULHliTWXn,https://api.spotify.com/v1/audio-analysis/6YcfAU2P3KETyULHliTWXn,209080.0,4.0
0.428,0.87,11.0,-6.475,0.0,0.0603,0.456,0.0136,0.134,0.597,118.298,audio_features,0ZST9shTPfs6mO5ANB6kNG,spotify:track:0ZST9shTPfs6mO5ANB6kNG,https://api.spotify.com/v1/tracks/0ZST9shTPfs6mO5ANB6kNG,https://api.spotify.com/v1/audio-analysis/0ZST9shTPfs6mO5ANB6kNG,651133.0,4.0
0.469,0.649,5.0,-8.45,0.0,0.0311,0.000936,0.47,0.144,0.696,125.174,audio_features,26sLRGYCSYSnK0cJVtcCAf,spotify:track:26sLRGYCSYSnK0cJVtcCAf,https://api.spotify.com/v1/tracks/26sLRGYCSYSnK0cJVtcCAf,https://api.spotify.com/v1/audio-analysis/26sLRGYCSYSnK0cJVtcCAf,357173.0,4.0
0.423,0.953,9.0,-5.587,1.0,0.06,0.00322,0.00948,0.0661,0.613,111.53,audio_features,5RIqqdVaKlzXgVAzYIvGVP,spotify:track:5RIqqdVaKlzXgVAzYIvGVP,https://api.spotify.com/v1/tracks/5RIqqdVaKlzXgVAzYIvGVP,https://api.spotify.com/v1/audio-analysis/5RIqqdVaKlzXgVAzYIvGVP,274813.0,4.0
0.16,0.195,5.0,-18.899,0.0,0.0471,0.632,0.937,0.155,0.0299,101.338,audio_features,1FUgvjxmuYLhr3n3If07rT,spotify:track:1FUgvjxmuYLhr3n3If07rT,https://api.spotify.com/v1/tracks/1FUgvjxmuYLhr3n3If07rT,https://api.spotify.com/v1/audio-analysis/1FUgvjxmuYLhr3n3If07rT,154538.0,4.0
0.677,0.332,7.0,-17.022,0.0,0.0488,0.346,0.00246,0.188,0.643,138.895,audio_features,29YjHuMRqoUT1ePJDw63X8,spotify:track:29YjHuMRqoUT1ePJDw63X8,https://api.spotify.com/v1/tracks/29YjHuMRqoUT1ePJDw63X8,https://api.spotify.com/v1/audio-analysis/29YjHuMRqoUT1ePJDw63X8,237840.0,4.0
0.522,0.86,1.0,-5.158,1.0,0.0348,0.3,0.895,0.393,0.961,132.234,audio_features,5B03J9O5CTZDrfXJnwNAPs,spotify:track:5B03J9O5CTZDrfXJnwNAPs,https://api.spotify.com/v1/tracks/5B03J9O5CTZDrfXJnwNAPs,https://api.spotify.com/v1/audio-analysis/5B03J9O5CTZDrfXJnwNAPs,168693.0,4.0
0.785,0.533,0.0,-10.627,1.0,0.0615,0.855,0.592,0.11,0.449,124.918,audio_features,30PrZCK35q91CDCcmrbj8h,spotify:track:30PrZCK35q91CDCcmrbj8h,https://api.spotify.com/v1/tracks/30PrZCK35q91CDCcmrbj8h,https://api.spotify.com/v1/audio-analysis/30PrZCK35q91CDCcmrbj8h,232027.0,4.0
0.544,0.338,1.0,-9.624,1.0,0.0586,0.0437,0.021,0.343,0.28,138.016,audio_features,3s9cNgAYYh3jK4ZLbAPruH,spotify:track:3s9cNgAYYh3jK4ZLbAPruH,https://api.spotify.com/v1/tracks/3s9cNgAYYh3jK4ZLbAPruH,https://api.spotify.com/v1/audio-analysis/3s9cNgAYYh3jK4ZLbAPruH,307970.0,4.0
0.269,0.762,2.0,-7.843,1.0,0.0421,0.0111,0.00018,0.276,0.141,145.271,audio_features,3LlK6EuOcnAoZoaqDv8sME,spotify:track:3LlK6EuOcnAoZoaqDv8sME,https://api.spotify.com/v1/tracks/3LlK6EuOcnAoZoaqDv8sME,https://api.spotify.com/v1/audio-analysis/3LlK6EuOcnAoZoaqDv8sME,303281.0,4.0
0.304,0.317,11.0,-9.412,1.0,0.0282,0.0857,0.657,0.1,0.169,89.153,audio_features,2pFNHjuZpdfZdvXVDKbcTH,spotify:track:2pFNHjuZpdfZdvXVDKbcTH,https://api.spotify.com/v1/tracks/2pFNHjuZpdfZdvXVDKbcTH,https://api.spotify.com/v1/audio-analysis/2pFNHjuZpdfZdvXVDKbcTH,289627.0,4.0
0.574,0.0957,3.0,-17.834,0.0,0.0371,0.953,0.0833,0.11,0.439,109.295,audio_features,4Uv1YSLlzoDDT1b9POPZ8a,spotify:track:4Uv1YSLlzoDDT1b9POPZ8a,https://api.spotify.com/v1/tracks/4Uv1YSLlzoDDT1b9POPZ8a,https://api.spotify.com/v1/audio-analysis/4Uv1YSLlzoDDT1b9POPZ8a,127693.0,4.0
0.565,0.621,11.0,-7.03,0.0,0.039,0.288,0.174,0.0887,0.354,169.936,audio_features,1pIeEWK9jvhDPJtpeXaLwB,spotify:track:1pIeEWK9jvhDPJtpeXaLwB,https://api.spotify.com/v1/tracks/1pIeEWK9jvhDPJtpeXaLwB,https://api.spotify.com/v1/audio-analysis/1pIeEWK9jvhDPJtpeXaLwB,227773.0,5.0
0.45,0.256,11.0,-14.148,1.0,0.0261,0.857,0.0143,0.106,0.293,86.965,audio_features,0ZaJPhvrazUn6AwvhSSKOj,spotify:track:0ZaJPhvrazUn6AwvhSSKOj,https://api.spotify.com/v1/tracks/0ZaJPhvrazUn6AwvhSSKOj,https://api.spotify.com/v1/audio-analysis/0ZaJPhvrazUn6AwvhSSKOj,171720.0,4.0
0.621,0.834,1.0,-11.339,0.0,0.112,0.152,0.757,0.403,0.0395,120.012,audio_features,4nEJ4O435WvJvgZKdOPWMM,spotify:track:4nEJ4O435WvJvgZKdOPWMM,https://api.spotify.com/v1/tracks/4nEJ4O435WvJvgZKdOPWMM,https://api.spotify.com/v1/audio-analysis/4nEJ4O435WvJvgZKdOPWMM,329924.0,3.0
0.633,0.448,6.0,-10.412,1.0,0.0488,0.805,0.0358,0.186,0.512,87.004,audio_features,0spLUItceTHNw86n0qQg4q,spotify:track:0spLUItceTHNw86n0qQg4q,https://api.spotify.com/v1/tracks/0spLUItceTHNw86n0qQg4q,https://api.spotify.com/v1/audio-analysis/0spLUItceTHNw86n0qQg4q,208053.0,4.0
0.709,0.422,11.0,-9.177,1.0,0.113,0.0385,0.478,0.111,0.108,82.964,audio_features,7BWyFa7hnm2D31CVydyUMl,spotify:track:7BWyFa7hnm2D31CVydyUMl,https://api.spotify.com/v1/tracks/7BWyFa7hnm2D31CVydyUMl,https://api.spotify.com/v1/audio-analysis/7BWyFa7hnm2D31CVydyUMl,242091.0,4.0
0.565,0.701,5.0,-4.098,1.0,0.0445,0.144,0.0,0.125,0.421,150.9,audio_features,6OiBO4Dv9AB8M1DmS9oR8M,spotify:track:6OiBO4Dv9AB8M1DmS9oR8M,https://api.spotify.com/v1/tracks/6OiBO4Dv9AB8M1DmS9oR8M,https://api.spotify.com/v1/audio-analysis/6OiBO4Dv9AB8M1DmS9oR8M,207911.0,4.0
0.583,0.848,6.0,-4.935,1.0,0.0354,0.000118,0.735,0.114,0.686,106.99,audio_features,5FfT45gDQWDyR8lZpn60DD,spotify:track:5FfT45gDQWDyR8lZpn60DD,https://api.spotify.com/v1/tracks/5FfT45gDQWDyR8lZpn60DD,https://api.spotify.com/v1/audio-analysis/5FfT45gDQWDyR8lZpn60DD,215240.0,4.0
0.471,0.895,8.0,-3.074,1.0,0.0364,2.07e-05,0.111,0.0961,0.14,160.031,audio_features,1PGlEdsnTKKApbAo15QftI,spotify:track:1PGlEdsnTKKApbAo15QftI,https://api.spotify.com/v1/tracks/1PGlEdsnTKKApbAo15QftI,https://api.spotify.com/v1/audio-analysis/1PGlEdsnTKKApbAo15QftI,165253.0,4.0
0.497,0.641,2.0,-7.168,1.0,0.0366,0.218,0.00109,0.149,0.11,149.01,audio_features,73iWf3dFe1YpRbP590SvGQ,spotify:track:73iWf3dFe1YpRbP590SvGQ,https://api.spotify.com/v1/tracks/73iWf3dFe1YpRbP590SvGQ,https://api.spotify.com/v1/audio-analysis/73iWf3dFe1YpRbP590SvGQ,216672.0,4.0
0.467,0.825,2.0,-6.782,1.0,0.052,0.0533,0.0026,0.343,0.491,150.989,audio_features,0XriitxSuRgyPCeweoWjwi,spotify:track:0XriitxSuRgyPCeweoWjwi,https://api.spotify.com/v1/tracks/0XriitxSuRgyPCeweoWjwi,https://api.spotify.com/v1/audio-analysis/0XriitxSuRgyPCeweoWjwi,233307.0,4.0
0.601,0.499,8.0,-6.795,1.0,0.0342,0.153,6.48e-06,0.265,0.402,94.869,audio_features,0gAIwOfM8em0PGpzqJKK1U,spotify:track:0gAIwOfM8em0PGpzqJKK1U,https://api.spotify.com/v1/tracks/0gAIwOfM8em0PGpzqJKK1U,https://api.spotify.com/v1/audio-analysis/0gAIwOfM8em0PGpzqJKK1U,213000.0,4.0
0.62,0.675,7.0,-6.774,1.0,0.0243,0.00275,0.72,0.189,0.161,100.0,audio_features,12cYNjMCBJDCHZcGJUG60B,spotify:track:12cYNjMCBJDCHZcGJUG60B,https://api.spotify.com/v1/tracks/12cYNjMCBJDCHZcGJUG60B,https://api.spotify.com/v1/audio-analysis/12cYNjMCBJDCHZcGJUG60B,236400.0,4.0
0.302,0.511,0.0,-9.108,1.0,0.043,0.579,4.2e-05,0.119,0.0795,132.072,audio_features,2pBdYmfFTUCyjqZmUNZMPE,spotify:track:2pBdYmfFTUCyjqZmUNZMPE,https://api.spotify.com/v1/tracks/2pBdYmfFTUCyjqZmUNZMPE,https://api.spotify.com/v1/audio-analysis/2pBdYmfFTUCyjqZmUNZMPE,160458.0,4.0
0.835,0.587,9.0,-5.324,1.0,0.0549,0.0224,0.00978,0.058,0.703,119.979,audio_features,67dwJvTiB8VoKdbxOR3Hhb,spotify:track:67dwJvTiB8VoKdbxOR3Hhb,https://api.spotify.com/v1/tracks/67dwJvTiB8VoKdbxOR3Hhb,https://api.spotify.com/v1/audio-analysis/67dwJvTiB8VoKdbxOR3Hhb,120120.0,4.0
0.26,0.713,0.0,-8.222,1.0,0.296,0.527,0.0737,0.108,0.136,180.111,audio_features,6zFqu6VWpbpO36qr9QkH4G,spotify:track:6zFqu6VWpbpO36qr9QkH4G,https://api.spotify.com/v1/tracks/6zFqu6VWpbpO36qr9QkH4G,https://api.spotify.com/v1/audio-analysis/6zFqu6VWpbpO36qr9QkH4G,207628.0,3.0
0.429,0.862,2.0,-5.696,1.0,0.076,0.0931,1.13e-06,0.161,0.335,177.023,audio_features,6Zy2DubYwPUPqbjWyR80uV,spotify:track:6Zy2DubYwPUPqbjWyR80uV,https://api.spotify.com/v1/tracks/6Zy2DubYwPUPqbjWyR80uV,https://api.spotify.com/v1/audio-analysis/6Zy2DubYwPUPqbjWyR80uV,249640.0,4.0
0.627,0.859,1.0,-6.321,1.0,0.0328,0.0474,0.852,0.109,0.133,116.019,audio_features,1fTtPH0xGwFOXM5VlkxOX1,spotify:track:1fTtPH0xGwFOXM5VlkxOX1,https://api.spotify.com/v1/tracks/1fTtPH0xGwFOXM5VlkxOX1,https://api.spotify.com/v1/audio-analysis/1fTtPH0xGwFOXM5VlkxOX1,303360.0,4.0
0.676,0.889,1.0,-7.167,1.0,0.163,0.373,0.00767,0.448,0.876,176.986,audio_features,7Aie6UJe45uy867mpfLaxA,spotify:track:7Aie6UJe45uy867mpfLaxA,https://api.spotify.com/v1/tracks/7Aie6UJe45uy867mpfLaxA,https://api.spotify.com/v1/audio-analysis/7Aie6UJe45uy867mpfLaxA,105866.0,4.0
0.612,0.643,2.0,-9.286,1.0,0.0429,0.292,0.0354,0.336,0.469,120.023,audio_features,4saON51OXJzq7dDhw9ge6R,spotify:track:4saON51OXJzq7dDhw9ge6R,https://api.spotify.com/v1/tracks/4saON51OXJzq7dDhw9ge6R,https://api.spotify.com/v1/audio-analysis/4saON51OXJzq7dDhw9ge6R,221264.0,4.0
0.628,0.731,9.0,-3.57,0.0,0.0288,0.23,0.467,0.099,0.467,117.957,audio_features,5x7HXluqfEmZyQLNYZCLy2,spotify:track:5x7HXluqfEmZyQLNYZCLy2,https://api.spotify.com/v1/tracks/5x7HXluqfEmZyQLNYZCLy2,https://api.spotify.com/v1/audio-analysis/5x7HXluqfEmZyQLNYZCLy2,181525.0,4.0
0.363,0.395,10.0,-8.186,1.0,0.0347,0.646,0.000267,0.11,0.134,140.084,audio_features,0WUoazK5evEsbg7rTgBwOn,spotify:track:0WUoazK5evEsbg7rTgBwOn,https://api.spotify.com/v1/tracks/0WUoazK5evEsbg7rTgBwOn,https://api.spotify.com/v1/audio-analysis/0WUoazK5evEsbg7rTgBwOn,377992.0,4.0
0.45,0.396,5.0,-12.164,1.0,0.0461,0.831,0.784,0.111,0.249,169.92,audio_features,7BL8GTgqJM40dWbOpoAr6C,spotify:track:7BL8GTgqJM40dWbOpoAr6C,https://api.spotify.com/v1/tracks/7BL8GTgqJM40dWbOpoAr6C,https://api.spotify.com/v1/audio-analysis/7BL8GTgqJM40dWbOpoAr6C,212040.0,1.0
0.687,0.647,8.0,-11.562,1.0,0.0817,0.0263,0.657,0.194,0.7,100.045,audio_features,1Xm1RI9xhFwlwsD8mawLaR,spotify:track:1Xm1RI9xhFwlwsD8mawLaR,https://api.spotify.com/v1/tracks/1Xm1RI9xhFwlwsD8mawLaR,https://api.spotify.com/v1/audio-analysis/1Xm1RI9xhFwlwsD8mawLaR,173250.0,4.0
0.514,0.594,8.0,-10.352,1.0,0.43,0.7,0.00048,0.327,0.257,120.275,audio_features,5qbnGuThjE1jI7xZPfJzqm,spotify:track:5qbnGuThjE1jI7xZPfJzqm,https://api.spotify.com/v1/tracks/5qbnGuThjE1jI7xZPfJzqm,https://api.spotify.com/v1/audio-analysis/5qbnGuThjE1jI7xZPfJzqm,207901.0,4.0
0.49,0.781,8.0,-6.544,1.0,0.363,0.375,0.0234,0.133,0.326,90.058,audio_features,2CAs5VYflEBhBVZRxdPgyx,spotify:track:2CAs5VYflEBhBVZRxdPgyx,https://api.spotify.com/v1/tracks/2CAs5VYflEBhBVZRxdPgyx,https://api.spotify.com/v1/audio-analysis/2CAs5VYflEBhBVZRxdPgyx,345978.0,4.0
0.385,0.952,10.0,-5.338,0.0,0.25,0.0199,1.33e-06,0.123,0.408,178.279,audio_features,3vEf3H0EtDIBN8O2c1g1lc,spotify:track:3vEf3H0EtDIBN8O2c1g1lc,https://api.spotify.com/v1/tracks/3vEf3H0EtDIBN8O2c1g1lc,https://api.spotify.com/v1/audio-analysis/3vEf3H0EtDIBN8O2c1g1lc,282506.0,4.0
0.471,0.815,1.0,-5.649,1.0,0.314,0.00538,0.000244,0.335,0.41,73.028,audio_features,6OGnUJQMOQGgBnnBSSHiOo,spotify:track:6OGnUJQMOQGgBnnBSSHiOo,https://api.spotify.com/v1/tracks/6OGnUJQMOQGgBnnBSSHiOo,https://api.spotify.com/v1/audio-analysis/6OGnUJQMOQGgBnnBSSHiOo,360327.0,4.0
0.572,0.734,8.0,-2.315,1.0,0.34,0.00227,2.08e-05,0.243,0.399,149.453,audio_features,5dCQYWwEslUXo5dJm2q6jy,spotify:track:5dCQYWwEslUXo5dJm2q6jy,https://api.spotify.com/v1/tracks/5dCQYWwEslUXo5dJm2q6jy,https://api.spotify.com/v1/audio-analysis/5dCQYWwEslUXo5dJm2q6jy,414627.0,4.0
0.716,0.912,0.0,-5.318,0.0,0.0396,0.853,0.863,0.0574,0.925,130.002,audio_features,1xqbH7YDJ2sdKYggltcaGH,spotify:track:1xqbH7YDJ2sdKYggltcaGH,https://api.spotify.com/v1/tracks/1xqbH7YDJ2sdKYggltcaGH,https://api.spotify.com/v1/audio-analysis/1xqbH7YDJ2sdKYggltcaGH,228923.0,4.0
0.7,0.94,7.0,-13.34,1.0,0.0751,0.0115,0.859,0.707,0.388,137.18,audio_features,0VORtHcff5a14UUYbgIktO,spotify:track:0VORtHcff5a14UUYbgIktO,https://api.spotify.com/v1/tracks/0VORtHcff5a14UUYbgIktO,https://api.spotify.com/v1/audio-analysis/0VORtHcff5a14UUYbgIktO,327307.0,4.0
0.562,0.726,11.0,-10.672,1.0,0.535,0.362,0.0637,0.83,0.708,83.669,audio_features,3ID9ArMvTwIEhmmMhuHDDS,spotify:track:3ID9ArMvTwIEhmmMhuHDDS,https://api.spotify.com/v1/tracks/3ID9ArMvTwIEhmmMhuHDDS,https://api.spotify.com/v1/audio-analysis/3ID9ArMvTwIEhmmMhuHDDS,174893.0,4.0
0.526,0.928,1.0,-6.518,1.0,0.619,0.122,1.16e-06,0.822,0.497,89.879,audio_features,6ClHxhOeItekPokE6VszT4,spotify:track:6ClHxhOeItekPokE6VszT4,https://api.spotify.com/v1/tracks/6ClHxhOeItekPokE6VszT4,https://api.spotify.com/v1/audio-analysis/6ClHxhOeItekPokE6VszT4,230067.0,4.0
0.457,0.488,1.0,-9.202,1.0,0.224,0.141,0.69,0.278,0.165,145.58,audio_features,2WvxMVdPnhdyXVUDSDlXYK,spotify:track:2WvxMVdPnhdyXVUDSDlXYK,https://api.spotify.com/v1/tracks/2WvxMVdPnhdyXVUDSDlXYK,https://api.spotify.com/v1/audio-analysis/2WvxMVdPnhdyXVUDSDlXYK,601163.0,4.0
0.772,0.83,1.0,-14.395,1.0,0.139,0.0175,0.843,0.0919,0.579,100.055,audio_features,7AfbtT8GN1iv3Crb11NaVI,spotify:track:7AfbtT8GN1iv3Crb11NaVI,https://api.spotify.com/v1/tracks/7AfbtT8GN1iv3Crb11NaVI,https://api.spotify.com/v1/audio-analysis/7AfbtT8GN1iv3Crb11NaVI,395480.0,4.0
0.642,0.554,0.0,-7.735,0.0,0.0284,0.0481,0.815,0.105,0.065,113.994,audio_features,4XT6sRMKaIGNRAFIJT5Lcx,spotify:track:4XT6sRMKaIGNRAFIJT5Lcx,https://api.spotify.com/v1/tracks/4XT6sRMKaIGNRAFIJT5Lcx,https://api.spotify.com/v1/audio-analysis/4XT6sRMKaIGNRAFIJT5Lcx,408000.0,4.0
0.853,0.318,1.0,-11.538,1.0,0.227,0.238,0.828,0.123,0.416,93.099,audio_features,4Wc2IIL5jGE1V9NkxS9OL3,spotify:track:4Wc2IIL5jGE1V9NkxS9OL3,https://api.spotify.com/v1/tracks/4Wc2IIL5jGE1V9NkxS9OL3,https://api.spotify.com/v1/audio-analysis/4Wc2IIL5jGE1V9NkxS9OL3,399493.0,4.0
0.532,0.799,2.0,-11.028,1.0,0.0416,0.0682,0.932,0.467,0.115,99.985,audio_features,3MF9cjIlg3R9osw3SgRmEb,spotify:track:3MF9cjIlg3R9osw3SgRmEb,https://api.spotify.com/v1/tracks/3MF9cjIlg3R9osw3SgRmEb,https://api.spotify.com/v1/audio-analysis/3MF9cjIlg3R9osw3SgRmEb,321453.0,4.0
0.677,0.623,1.0,-8.045,1.0,0.0394,0.00245,0.931,0.209,0.105,145.865,audio_features,5PwWkCS888xVopHOOTVtfY,spotify:track:5PwWkCS888xVopHOOTVtfY,https://api.spotify.com/v1/tracks/5PwWkCS888xVopHOOTVtfY,https://api.spotify.com/v1/audio-analysis/5PwWkCS888xVopHOOTVtfY,330333.0,4.0
0.56,0.93,1.0,-4.066,1.0,0.359,0.369,1.82e-06,0.224,0.71,95.927,audio_features,68oK6wLER4h842H9vUTu4p,spotify:track:68oK6wLER4h842H9vUTu4p,https://api.spotify.com/v1/tracks/68oK6wLER4h842H9vUTu4p,https://api.spotify.com/v1/audio-analysis/68oK6wLER4h842H9vUTu4p,279000.0,4.0
0.444,0.383,2.0,-11.459,1.0,0.029,0.53,0.397,0.143,0.259,94.174,audio_features,32ojA81wtg9ajVBf5KwfhW,spotify:track:32ojA81wtg9ajVBf5KwfhW,https://api.spotify.com/v1/tracks/32ojA81wtg9ajVBf5KwfhW,https://api.spotify.com/v1/audio-analysis/32ojA81wtg9ajVBf5KwfhW,258124.0,4.0
0.606,0.925,2.0,-2.898,1.0,0.299,0.176,0.0,0.0813,0.692,94.655,audio_features,4a4tZ0GtinkCmIwdqWg82Y,spotify:track:4a4tZ0GtinkCmIwdqWg82Y,https://api.spotify.com/v1/tracks/4a4tZ0GtinkCmIwdqWg82Y,https://api.spotify.com/v1/audio-analysis/4a4tZ0GtinkCmIwdqWg82Y,213160.0,4.0
0.475,0.549,11.0,-7.936,0.0,0.0364,0.111,0.00125,0.215,0.114,130.167,audio_features,1r3JvQ6JzLpkfP6weJ6bK3,spotify:track:1r3JvQ6JzLpkfP6weJ6bK3,https://api.spotify.com/v1/tracks/1r3JvQ6JzLpkfP6weJ6bK3,https://api.spotify.com/v1/audio-analysis/1r3JvQ6JzLpkfP6weJ6bK3,332240.0,4.0
0.539,0.937,9.0,-3.14,1.0,0.345,0.489,0.0,0.0723,0.523,85.037,audio_features,4NKdG9lTVjK8R9HfZQkTmk,spotify:track:4NKdG9lTVjK8R9HfZQkTmk,https://api.spotify.com/v1/tracks/4NKdG9lTVjK8R9HfZQkTmk,https://api.spotify.com/v1/audio-analysis/4NKdG9lTVjK8R9HfZQkTmk,356800.0,4.0
0.599,0.883,10.0,-4.865,0.0,0.338,0.424,5.79e-06,0.12,0.209,87.059,audio_features,4Qd1iRTWZLyxE4I8XN0KTi,spotify:track:4Qd1iRTWZLyxE4I8XN0KTi,https://api.spotify.com/v1/tracks/4Qd1iRTWZLyxE4I8XN0KTi,https://api.spotify.com/v1/audio-analysis/4Qd1iRTWZLyxE4I8XN0KTi,370107.0,4.0
0.593,0.805,1.0,-4.96,1.0,0.227,0.422,0.0,0.701,0.946,87.744,audio_features,5hV5cJP8Xri5pUSAA0MJGR,spotify:track:5hV5cJP8Xri5pUSAA0MJGR,https://api.spotify.com/v1/tracks/5hV5cJP8Xri5pUSAA0MJGR,https://api.spotify.com/v1/audio-analysis/5hV5cJP8Xri5pUSAA0MJGR,208960.0,4.0
0.528,0.688,9.0,-5.561,0.0,0.348,0.204,0.0,0.0569,0.683,171.613,audio_features,6GV72kkZvNnjLHPjRtIyh9,spotify:track:6GV72kkZvNnjLHPjRtIyh9,https://api.spotify.com/v1/tracks/6GV72kkZvNnjLHPjRtIyh9,https://api.spotify.com/v1/audio-analysis/6GV72kkZvNnjLHPjRtIyh9,352240.0,4.0
0.41,0.895,10.0,-5.87,0.0,0.427,0.00456,1.37e-06,0.0724,0.443,66.853,audio_features,5u4WEM0DwIcYd6TU7wzS8v,spotify:track:5u4WEM0DwIcYd6TU7wzS8v,https://api.spotify.com/v1/tracks/5u4WEM0DwIcYd6TU7wzS8v,https://api.spotify.com/v1/audio-analysis/5u4WEM0DwIcYd6TU7wzS8v,241693.0,4.0
0.518,0.843,2.0,-7.361,1.0,0.0544,0.00136,0.0119,0.132,0.249,143.903,audio_features,1Pbs2eCcX9p2onaAvMYvhk,spotify:track:1Pbs2eCcX9p2onaAvMYvhk,https://api.spotify.com/v1/tracks/1Pbs2eCcX9p2onaAvMYvhk,https://api.spotify.com/v1/audio-analysis/1Pbs2eCcX9p2onaAvMYvhk,406935.0,4.0
0.258,0.969,5.0,-1.672,0.0,0.405,0.00347,4.29e-05,0.628,0.473,175.826,audio_features,7J70PepsxT1rrZyqsAjIWX,spotify:track:7J70PepsxT1rrZyqsAjIWX,https://api.spotify.com/v1/tracks/7J70PepsxT1rrZyqsAjIWX,https://api.spotify.com/v1/audio-analysis/7J70PepsxT1rrZyqsAjIWX,402688.0,4.0
0.523,0.932,5.0,-4.995,1.0,0.287,0.0193,1.56e-05,0.1,0.626,113.721,audio_features,4E16oyd1iGXunYZxMj6YNy,spotify:track:4E16oyd1iGXunYZxMj6YNy,https://api.spotify.com/v1/tracks/4E16oyd1iGXunYZxMj6YNy,https://api.spotify.com/v1/audio-analysis/4E16oyd1iGXunYZxMj6YNy,227133.0,4.0
0.566,0.503,9.0,-9.862,1.0,0.247,0.812,0.0312,0.352,0.375,90.285,audio_features,5YlTznWwDPg9HcIQlBMO17,spotify:track:5YlTznWwDPg9HcIQlBMO17,https://api.spotify.com/v1/tracks/5YlTznWwDPg9HcIQlBMO17,https://api.spotify.com/v1/audio-analysis/5YlTznWwDPg9HcIQlBMO17,263345.0,4.0
0.694,0.459,0.0,-6.501,1.0,0.0565,0.763,0.000406,0.235,0.112,120.006,audio_features,5ZVX8SPn5OEeNEz68Isc16,spotify:track:5ZVX8SPn5OEeNEz68Isc16,https://api.spotify.com/v1/tracks/5ZVX8SPn5OEeNEz68Isc16,https://api.spotify.com/v1/audio-analysis/5ZVX8SPn5OEeNEz68Isc16,242354.0,4.0
0.52,0.945,11.0,-4.732,0.0,0.545,0.283,0.0,0.0612,0.608,84.123,audio_features,3SpJgJZtyprhDxA10MWtbe,spotify:track:3SpJgJZtyprhDxA10MWtbe,https://api.spotify.com/v1/tracks/3SpJgJZtyprhDxA10MWtbe,https://api.spotify.com/v1/audio-analysis/3SpJgJZtyprhDxA10MWtbe,333493.0,4.0
0.632,0.643,8.0,-11.996,1.0,0.0509,3.24e-05,0.532,0.0921,0.61,139.114,audio_features,1cQ1IbRhnekU0aMGSlsQj1,spotify:track:1cQ1IbRhnekU0aMGSlsQj1,https://api.spotify.com/v1/tracks/1cQ1IbRhnekU0aMGSlsQj1,https://api.spotify.com/v1/audio-analysis/1cQ1IbRhnekU0aMGSlsQj1,319840.0,4.0
0.386,0.451,11.0,-13.26,0.0,0.498,0.0192,0.0153,0.287,0.194,78.529,audio_features,59NvNhgX7qtGD1Q9WNhTql,spotify:track:59NvNhgX7qtGD1Q9WNhTql,https://api.spotify.com/v1/tracks/59NvNhgX7qtGD1Q9WNhTql,https://api.spotify.com/v1/audio-analysis/59NvNhgX7qtGD1Q9WNhTql,238587.0,4.0
0.567,0.476,5.0,-9.325,1.0,0.127,0.0191,0.0424,0.337,0.202,119.844,audio_features,1zOtStOZd9nvnFiRM5Namm,spotify:track:1zOtStOZd9nvnFiRM5Namm,https://api.spotify.com/v1/tracks/1zOtStOZd9nvnFiRM5Namm,https://api.spotify.com/v1/audio-analysis/1zOtStOZd9nvnFiRM5Namm,310204.0,4.0
0.563,0.827,5.0,-4.965,1.0,0.0397,0.036,0.0,0.144,0.508,142.003,audio_features,3mapLHLwTAngE9QhHGHwlY,spotify:track:3mapLHLwTAngE9QhHGHwlY,https://api.spotify.com/v1/tracks/3mapLHLwTAngE9QhHGHwlY,https://api.spotify.com/v1/audio-analysis/3mapLHLwTAngE9QhHGHwlY,190520.0,5.0
0.581,0.7,1.0,-9.646,0.0,0.0475,0.127,0.31,0.112,0.344,144.971,audio_features,5NIrChwN4QRg8sGrFalgMU,spotify:track:5NIrChwN4QRg8sGrFalgMU,https://api.spotify.com/v1/tracks/5NIrChwN4QRg8sGrFalgMU,https://api.spotify.com/v1/audio-analysis/5NIrChwN4QRg8sGrFalgMU,204262.0,4.0
0.584,0.963,0.0,-5.876,1.0,0.214,0.0779,0.0,0.233,0.571,92.326,audio_features,73anCuAV8JMOF8Xclf8rmL,spotify:track:73anCuAV8JMOF8Xclf8rmL,https://api.spotify.com/v1/tracks/73anCuAV8JMOF8Xclf8rmL,https://api.spotify.com/v1/audio-analysis/73anCuAV8JMOF8Xclf8rmL,254587.0,4.0
0.388,0.983,11.0,-2.804,1.0,0.548,0.188,0.0,0.119,0.44,182.159,audio_features,3NGkFGOcZtl92uQ04koWlt,spotify:track:3NGkFGOcZtl92uQ04koWlt,https://api.spotify.com/v1/tracks/3NGkFGOcZtl92uQ04koWlt,https://api.spotify.com/v1/audio-analysis/3NGkFGOcZtl92uQ04koWlt,241441.0,4.0
0.362,0.789,9.0,-6.648,0.0,0.162,0.367,2.54e-05,0.41,0.213,76.086,audio_features,5PqlHXOhYCQkNpllFeI7qq,spotify:track:5PqlHXOhYCQkNpllFeI7qq,https://api.spotify.com/v1/tracks/5PqlHXOhYCQkNpllFeI7qq,https://api.spotify.com/v1/audio-analysis/5PqlHXOhYCQkNpllFeI7qq,281214.0,4.0
0.311,0.867,6.0,-4.507,1.0,0.222,0.0946,3.53e-06,0.136,0.323,75.886,audio_features,5etzGthq61lMdqeBXxLkXp,spotify:track:5etzGthq61lMdqeBXxLkXp,https://api.spotify.com/v1/tracks/5etzGthq61lMdqeBXxLkXp,https://api.spotify.com/v1/audio-analysis/5etzGthq61lMdqeBXxLkXp,213827.0,4.0
0.314,0.48,2.0,-8.573,1.0,0.043,0.0956,0.133,0.0903,0.0537,119.335,audio_features,3oTkju61CCIz8fAxFXKLrB,spotify:track:3oTkju61CCIz8fAxFXKLrB,https://api.spotify.com/v1/tracks/3oTkju61CCIz8fAxFXKLrB,https://api.spotify.com/v1/audio-analysis/3oTkju61CCIz8fAxFXKLrB,188192.0,3.0
0.565,0.95,8.0,-5.245,0.0,0.157,0.0598,0.0,0.196,0.574,128.523,audio_features,0HLsWzkNNxWqx6sBXBBlDR,spotify:track:0HLsWzkNNxWqx6sBXBBlDR,https://api.spotify.com/v1/tracks/0HLsWzkNNxWqx6sBXBBlDR,https://api.spotify.com/v1/audio-analysis/0HLsWzkNNxWqx6sBXBBlDR,216375.0,4.0
0.653,0.826,6.0,-6.611,0.0,0.153,0.027,5.12e-06,0.0866,0.458,183.834,audio_features,4PBm6F4uoKFxrMs2lAMyC9,spotify:track:4PBm6F4uoKFxrMs2lAMyC9,https://api.spotify.com/v1/tracks/4PBm6F4uoKFxrMs2lAMyC9,https://api.spotify.com/v1/audio-analysis/4PBm6F4uoKFxrMs2lAMyC9,178258.0,4.0
0.75,0.914,7.0,-13.64,0.0,0.0512,0.658,0.854,0.0766,0.703,150.05,audio_features,6xOB01LjZWSM3Qop1CQE37,spotify:track:6xOB01LjZWSM3Qop1CQE37,https://api.spotify.com/v1/tracks/6xOB01LjZWSM3Qop1CQE37,https://api.spotify.com/v1/audio-analysis/6xOB01LjZWSM3Qop1CQE37,375800.0,4.0
0.405,0.793,7.0,-7.364,0.0,0.103,0.0658,0.809,0.106,0.938,104.036,audio_features,5sogWK5j3QRvDhPtIpuLDQ,spotify:track:5sogWK5j3QRvDhPtIpuLDQ,https://api.spotify.com/v1/tracks/5sogWK5j3QRvDhPtIpuLDQ,https://api.spotify.com/v1/audio-analysis/5sogWK5j3QRvDhPtIpuLDQ,274267.0,4.0
0.594,0.809,10.0,-6.489,0.0,0.043,0.333,0.827,0.524,0.518,87.696,audio_features,4TEdXKd9AKAclNPLLodIgM,spotify:track:4TEdXKd9AKAclNPLLodIgM,https://api.spotify.com/v1/tracks/4TEdXKd9AKAclNPLLodIgM,https://api.spotify.com/v1/audio-analysis/4TEdXKd9AKAclNPLLodIgM,436200.0,1.0
0.511,0.707,4.0,-8.475,0.0,0.0304,0.495,0.903,0.179,0.6,142.033,audio_features,7FujnTZphK15mC6eLYEaAV,spotify:track:7FujnTZphK15mC6eLYEaAV,https://api.spotify.com/v1/tracks/7FujnTZphK15mC6eLYEaAV,https://api.spotify.com/v1/audio-analysis/7FujnTZphK15mC6eLYEaAV,302293.0,4.0
0.656,0.83,9.0,-7.039,1.0,0.102,0.276,0.0,0.333,0.219,111.762,audio_features,46o2neDiOIDB00DFiL1z5M,spotify:track:46o2neDiOIDB00DFiL1z5M,https://api.spotify.com/v1/tracks/46o2neDiOIDB00DFiL1z5M,https://api.spotify.com/v1/audio-analysis/46o2neDiOIDB00DFiL1z5M,100987.0,4.0
0.446,0.911,10.0,-6.838,0.0,0.46,0.00503,0.86,0.185,0.167,106.844,audio_features,3KrjktqPynnMomhewBkwfc,spotify:track:3KrjktqPynnMomhewBkwfc,https://api.spotify.com/v1/tracks/3KrjktqPynnMomhewBkwfc,https://api.spotify.com/v1/audio-analysis/3KrjktqPynnMomhewBkwfc,292467.0,4.0
0.494,0.806,10.0,-5.031,0.0,0.75,0.186,0.000234,0.0922,0.553,140.151,audio_features,69GBGI1jCI4YZ0UzOzIBLy,spotify:track:69GBGI1jCI4YZ0UzOzIBLy,https://api.spotify.com/v1/tracks/69GBGI1jCI4YZ0UzOzIBLy,https://api.spotify.com/v1/audio-analysis/69GBGI1jCI4YZ0UzOzIBLy,160720.0,4.0
0.494,0.784,10.0,-12.352,0.0,0.0593,0.00662,0.926,0.674,0.157,134.179,audio_features,5h7xj5IGcwANXUM5uozCLR,spotify:track:5h7xj5IGcwANXUM5uozCLR,https://api.spotify.com/v1/tracks/5h7xj5IGcwANXUM5uozCLR,https://api.spotify.com/v1/audio-analysis/5h7xj5IGcwANXUM5uozCLR,705760.0,4.0
0.322,0.75,3.0,-6.858,1.0,0.0918,0.942,0.421,0.662,0.293,70.501,audio_features,5CWp8iBdJgIZ1UTGAZVldF,spotify:track:5CWp8iBdJgIZ1UTGAZVldF,https://api.spotify.com/v1/tracks/5CWp8iBdJgIZ1UTGAZVldF,https://api.spotify.com/v1/audio-analysis/5CWp8iBdJgIZ1UTGAZVldF,280507.0,4.0
0.673,0.43,3.0,-9.637,1.0,0.0269,0.852,0.0174,0.103,0.704,94.128,audio_features,1z2Idn70iHI0xxKfuQRTQ8,spotify:track:1z2Idn70iHI0xxKfuQRTQ8,https://api.spotify.com/v1/tracks/1z2Idn70iHI0xxKfuQRTQ8,https://api.spotify.com/v1/audio-analysis/1z2Idn70iHI0xxKfuQRTQ8,249520.0,4.0
0.479,0.793,2.0,-5.655,1.0,0.0304,0.0826,6.33e-05,0.311,0.126,129.993,audio_features,3hgDpW5PlN8b2pLfpYVZ3G,spotify:track:3hgDpW5PlN8b2pLfpYVZ3G,https://api.spotify.com/v1/tracks/3hgDpW5PlN8b2pLfpYVZ3G,https://api.spotify.com/v1/audio-analysis/3hgDpW5PlN8b2pLfpYVZ3G,280227.0,4.0
0.414,0.539,4.0,-8.953,0.0,0.0317,0.106,0.907,0.255,0.225,156.9,audio_features,79KMm750gXCVN1DKkjCjey,spotify:track:79KMm750gXCVN1DKkjCjey,https://api.spotify.com/v1/tracks/79KMm750gXCVN1DKkjCjey,https://api.spotify.com/v1/audio-analysis/79KMm750gXCVN1DKkjCjey,240875.0,3.0
0.753,0.671,2.0,-5.19,1.0,0.0335,0.00159,0.0428,0.0795,0.71,122.995,audio_features,4jD0DKx2XM0TCwWii6NrNL,spotify:track:4jD0DKx2XM0TCwWii6NrNL,https://api.spotify.com/v1/tracks/4jD0DKx2XM0TCwWii6NrNL,https://api.spotify.com/v1/audio-analysis/4jD0DKx2XM0TCwWii6NrNL,208400.0,4.0
0.331,0.582,4.0,-8.987,1.0,0.0802,0.385,0.475,0.136,0.207,167.885,audio_features,3Hs30mGDpRG1uqkTYjSEJ8,spotify:track:3Hs30mGDpRG1uqkTYjSEJ8,https://api.spotify.com/v1/tracks/3Hs30mGDpRG1uqkTYjSEJ8,https://api.spotify.com/v1/audio-analysis/3Hs30mGDpRG1uqkTYjSEJ8,294196.0,5.0
0.686,0.369,9.0,-20.61,0.0,0.0347,0.104,0.249,0.215,0.88,116.534,audio_features,5DAYBkF6mjE0VpCWSkSxtJ,spotify:track:5DAYBkF6mjE0VpCWSkSxtJ,https://api.spotify.com/v1/tracks/5DAYBkF6mjE0VpCWSkSxtJ,https://api.spotify.com/v1/audio-analysis/5DAYBkF6mjE0VpCWSkSxtJ,274279.0,5.0
0.334,0.538,11.0,-10.391,1.0,0.337,0.0586,0.00443,0.916,0.398,74.706,audio_features,1ShY6wI7fMsTfUq6XzN4kI,spotify:track:1ShY6wI7fMsTfUq6XzN4kI,https://api.spotify.com/v1/tracks/1ShY6wI7fMsTfUq6XzN4kI,https://api.spotify.com/v1/audio-analysis/1ShY6wI7fMsTfUq6XzN4kI,242133.0,4.0
0.722,0.828,8.0,-3.227,0.0,0.19,0.0505,0.0,0.114,0.275,117.696,audio_features,1TtSn2KTXMZh6iOJJ74cUv,spotify:track:1TtSn2KTXMZh6iOJJ74cUv,https://api.spotify.com/v1/tracks/1TtSn2KTXMZh6iOJJ74cUv,https://api.spotify.com/v1/audio-analysis/1TtSn2KTXMZh6iOJJ74cUv,237920.0,4.0
0.291,0.567,11.0,-12.377,1.0,0.0633,0.531,0.374,0.366,0.271,129.184,audio_features,2HbCoxVRdP1yRc7YdO5KsB,spotify:track:2HbCoxVRdP1yRc7YdO5KsB,https://api.spotify.com/v1/tracks/2HbCoxVRdP1yRc7YdO5KsB,https://api.spotify.com/v1/audio-analysis/2HbCoxVRdP1yRc7YdO5KsB,150280.0,4.0
0.49,0.604,8.0,-11.946,1.0,0.167,0.399,0.257,0.482,0.268,120.323,audio_features,4xQ1c5U76S1rcxHYxQE5UB,spotify:track:4xQ1c5U76S1rcxHYxQE5UB,https://api.spotify.com/v1/tracks/4xQ1c5U76S1rcxHYxQE5UB,https://api.spotify.com/v1/audio-analysis/4xQ1c5U76S1rcxHYxQE5UB,245307.0,4.0
0.335,0.494,0.0,-13.34,1.0,0.0714,0.678,0.57,0.29,0.0443,110.919,audio_features,51mdlPfPM4EaQi3V6J1l3G,spotify:track:51mdlPfPM4EaQi3V6J1l3G,https://api.spotify.com/v1/tracks/51mdlPfPM4EaQi3V6J1l3G,https://api.spotify.com/v1/audio-analysis/51mdlPfPM4EaQi3V6J1l3G,323627.0,4.0
0.632,0.98,5.0,-1.588,1.0,0.289,0.153,0.721,0.0926,0.313,109.951,audio_features,6OIp5BCocXkg2ek8LpKfnE,spotify:track:6OIp5BCocXkg2ek8LpKfnE,https://api.spotify.com/v1/tracks/6OIp5BCocXkg2ek8LpKfnE,https://api.spotify.com/v1/audio-analysis/6OIp5BCocXkg2ek8LpKfnE,401867.0,4.0
0.575,0.758,2.0,-7.819,1.0,0.0458,0.158,0.892,0.0995,0.0381,100.015,audio_features,75JpGEpXMRlDOleBorP12e,spotify:track:75JpGEpXMRlDOleBorP12e,https://api.spotify.com/v1/tracks/75JpGEpXMRlDOleBorP12e,https://api.spotify.com/v1/audio-analysis/75JpGEpXMRlDOleBorP12e,217190.0,4.0
0.463,0.936,4.0,-6.636,1.0,0.0376,0.0935,0.939,0.202,0.377,119.444,audio_features,3ur1Pq1vxcezZI6VgaLVVr,spotify:track:3ur1Pq1vxcezZI6VgaLVVr,https://api.spotify.com/v1/tracks/3ur1Pq1vxcezZI6VgaLVVr,https://api.spotify.com/v1/audio-analysis/3ur1Pq1vxcezZI6VgaLVVr,237333.0,4.0
0.702,0.836,6.0,-10.475,0.0,0.0367,0.0673,0.916,0.388,0.54,124.082,audio_features,2geoH6moKIxmxRUhafagA7,spotify:track:2geoH6moKIxmxRUhafagA7,https://api.spotify.com/v1/tracks/2geoH6moKIxmxRUhafagA7,https://api.spotify.com/v1/audio-analysis/2geoH6moKIxmxRUhafagA7,372467.0,4.0
0.445,0.344,0.0,-12.712,0.0,0.0301,0.00798,0.626,0.15,0.41,74.784,audio_features,2Zr4pmt5wrf8eR92TZP1Te,spotify:track:2Zr4pmt5wrf8eR92TZP1Te,https://api.spotify.com/v1/tracks/2Zr4pmt5wrf8eR92TZP1Te,https://api.spotify.com/v1/audio-analysis/2Zr4pmt5wrf8eR92TZP1Te,104560.0,4.0
0.454,0.576,8.0,-15.085,1.0,0.0928,0.129,0.82,0.388,0.39,87.857,audio_features,6FgY0tpl4Jv714uPuAokeZ,spotify:track:6FgY0tpl4Jv714uPuAokeZ,https://api.spotify.com/v1/tracks/6FgY0tpl4Jv714uPuAokeZ,https://api.spotify.com/v1/audio-analysis/6FgY0tpl4Jv714uPuAokeZ,250867.0,4.0
0.361,0.797,4.0,-11.441,0.0,0.0923,0.0223,0.022,0.451,0.58,168.255,audio_features,4HFLJ7pa7ew8rPdD4qLtet,spotify:track:4HFLJ7pa7ew8rPdD4qLtet,https://api.spotify.com/v1/tracks/4HFLJ7pa7ew8rPdD4qLtet,https://api.spotify.com/v1/audio-analysis/4HFLJ7pa7ew8rPdD4qLtet,382840.0,4.0
0.618,0.728,8.0,-10.21,1.0,0.0885,0.0563,0.823,0.175,0.674,168.35,audio_features,3sF7cGFv6DLqlJ3x7xJ254,spotify:track:3sF7cGFv6DLqlJ3x7xJ254,https://api.spotify.com/v1/tracks/3sF7cGFv6DLqlJ3x7xJ254,https://api.spotify.com/v1/audio-analysis/3sF7cGFv6DLqlJ3x7xJ254,167800.0,4.0
0.695,0.691,0.0,-10.051,1.0,0.213,0.331,0.0248,0.118,0.49,147.11,audio_features,5AlqmOBXHmUvwjA9ZWrQDR,spotify:track:5AlqmOBXHmUvwjA9ZWrQDR,https://api.spotify.com/v1/tracks/5AlqmOBXHmUvwjA9ZWrQDR,https://api.spotify.com/v1/audio-analysis/5AlqmOBXHmUvwjA9ZWrQDR,129507.0,4.0
0.287,0.891,4.0,-9.36,1.0,0.0505,0.0399,0.628,0.332,0.518,88.588,audio_features,5vtnm3yYaT8PEV7WyCrQEh,spotify:track:5vtnm3yYaT8PEV7WyCrQEh,https://api.spotify.com/v1/tracks/5vtnm3yYaT8PEV7WyCrQEh,https://api.spotify.com/v1/audio-analysis/5vtnm3yYaT8PEV7WyCrQEh,274027.0,4.0
0.629,0.727,8.0,-11.978,0.0,0.0453,0.0207,0.13,0.575,0.733,131.506,audio_features,2XbptUhidwHbBSGwt5Nc0j,spotify:track:2XbptUhidwHbBSGwt5Nc0j,https://api.spotify.com/v1/tracks/2XbptUhidwHbBSGwt5Nc0j,https://api.spotify.com/v1/audio-analysis/2XbptUhidwHbBSGwt5Nc0j,249573.0,4.0
0.442,0.543,6.0,-8.565,1.0,0.113,0.945,0.00964,0.0897,0.14,72.716,audio_features,42cVCh4QZFFO5B6X5Q9qls,spotify:track:42cVCh4QZFFO5B6X5Q9qls,https://api.spotify.com/v1/tracks/42cVCh4QZFFO5B6X5Q9qls,https://api.spotify.com/v1/audio-analysis/42cVCh4QZFFO5B6X5Q9qls,390953.0,4.0
0.378,0.637,9.0,-7.671,1.0,0.0763,0.706,0.193,0.184,0.136,84.726,audio_features,34kaX1AOSEJPfzfMCr3DFi,spotify:track:34kaX1AOSEJPfzfMCr3DFi,https://api.spotify.com/v1/tracks/34kaX1AOSEJPfzfMCr3DFi,https://api.spotify.com/v1/audio-analysis/34kaX1AOSEJPfzfMCr3DFi,349991.0,4.0
0.436,0.773,1.0,-7.657,1.0,0.11,0.439,0.803,0.232,0.14,91.796,audio_features,0go7Fg7Y8oIIUFgeDrJ6ZM,spotify:track:0go7Fg7Y8oIIUFgeDrJ6ZM,https://api.spotify.com/v1/tracks/0go7Fg7Y8oIIUFgeDrJ6ZM,https://api.spotify.com/v1/audio-analysis/0go7Fg7Y8oIIUFgeDrJ6ZM,332982.0,4.0
0.52,0.625,11.0,-8.825,1.0,0.391,0.428,0.624,0.561,0.402,130.209,audio_features,3h1LYa4Ym2k2Kr3zSge62r,spotify:track:3h1LYa4Ym2k2Kr3zSge62r,https://api.spotify.com/v1/tracks/3h1LYa4Ym2k2Kr3zSge62r,https://api.spotify.com/v1/audio-analysis/3h1LYa4Ym2k2Kr3zSge62r,349608.0,4.0
0.218,0.299,7.0,-13.659,1.0,0.0354,0.516,0.975,0.116,0.0348,107.908,audio_features,4fOZRGlQap99hu3iA7m9CR,spotify:track:4fOZRGlQap99hu3iA7m9CR,https://api.spotify.com/v1/tracks/4fOZRGlQap99hu3iA7m9CR,https://api.spotify.com/v1/audio-analysis/4fOZRGlQap99hu3iA7m9CR,362693.0,4.0
0.335,0.62,10.0,-8.354,1.0,0.285,0.198,0.00166,0.115,0.354,89.64,audio_features,4952MAlZAYkrIDK610mS8u,spotify:track:4952MAlZAYkrIDK610mS8u,https://api.spotify.com/v1/tracks/4952MAlZAYkrIDK610mS8u,https://api.spotify.com/v1/audio-analysis/4952MAlZAYkrIDK610mS8u,431297.0,4.0
0.226,0.348,5.0,-15.772,1.0,0.0474,0.731,0.97,0.124,0.156,111.098,audio_features,4Puc0pga5MrcwPnLE9yjN5,spotify:track:4Puc0pga5MrcwPnLE9yjN5,https://api.spotify.com/v1/tracks/4Puc0pga5MrcwPnLE9yjN5,https://api.spotify.com/v1/audio-analysis/4Puc0pga5MrcwPnLE9yjN5,365848.0,4.0
0.321,0.675,6.0,-8.752,0.0,0.0721,0.642,0.325,0.12,0.102,140.43,audio_features,0UVIGa8kSgYkA7bV66AdCl,spotify:track:0UVIGa8kSgYkA7bV66AdCl,https://api.spotify.com/v1/tracks/0UVIGa8kSgYkA7bV66AdCl,https://api.spotify.com/v1/audio-analysis/0UVIGa8kSgYkA7bV66AdCl,330962.0,4.0
0.72,0.701,6.0,-10.612,1.0,0.0333,0.0232,0.752,0.109,0.894,94.154,audio_features,2q13QoVfL4gtBsRETQVkCV,spotify:track:2q13QoVfL4gtBsRETQVkCV,https://api.spotify.com/v1/tracks/2q13QoVfL4gtBsRETQVkCV,https://api.spotify.com/v1/audio-analysis/2q13QoVfL4gtBsRETQVkCV,207194.0,4.0
0.503,0.814,5.0,-9.656,1.0,0.32,0.413,0.0,0.144,0.559,117.262,audio_features,0HBxDBevZpURpGv8MVkMo7,spotify:track:0HBxDBevZpURpGv8MVkMo7,https://api.spotify.com/v1/tracks/0HBxDBevZpURpGv8MVkMo7,https://api.spotify.com/v1/audio-analysis/0HBxDBevZpURpGv8MVkMo7,196093.0,3.0
0.689,0.711,5.0,-12.393,1.0,0.127,0.436,0.254,0.342,0.772,156.814,audio_features,7DjJ1tAyNGybE2mxAOXVid,spotify:track:7DjJ1tAyNGybE2mxAOXVid,https://api.spotify.com/v1/tracks/7DjJ1tAyNGybE2mxAOXVid,https://api.spotify.com/v1/audio-analysis/7DjJ1tAyNGybE2mxAOXVid,177667.0,4.0
0.72,0.808,6.0,-5.627,1.0,0.0379,0.00793,0.0293,0.0634,0.869,126.041,audio_features,70HxNVlYQ0Hi6XqBtPLw80,spotify:track:70HxNVlYQ0Hi6XqBtPLw80,https://api.spotify.com/v1/tracks/70HxNVlYQ0Hi6XqBtPLw80,https://api.spotify.com/v1/audio-analysis/70HxNVlYQ0Hi6XqBtPLw80,307154.0,4.0
0.407,0.236,4.0,-16.189,1.0,0.0291,0.777,0.812,0.107,0.122,170.136,audio_features,3on9znKmGp0TaYcWPhqdVE,spotify:track:3on9znKmGp0TaYcWPhqdVE,https://api.spotify.com/v1/tracks/3on9znKmGp0TaYcWPhqdVE,https://api.spotify.com/v1/audio-analysis/3on9znKmGp0TaYcWPhqdVE,228400.0,4.0
0.25,0.64,1.0,-8.745,1.0,0.11,0.072,0.682,0.105,0.549,191.472,audio_features,0SlVvyU9LWTzsnPc8lcoUs,spotify:track:0SlVvyU9LWTzsnPc8lcoUs,https://api.spotify.com/v1/tracks/0SlVvyU9LWTzsnPc8lcoUs,https://api.spotify.com/v1/audio-analysis/0SlVvyU9LWTzsnPc8lcoUs,153440.0,4.0
0.281,0.817,9.0,-12.292,1.0,0.0437,0.338,0.911,0.102,0.925,169.668,audio_features,510L55qTlVIJcvnURoj0JF,spotify:track:510L55qTlVIJcvnURoj0JF,https://api.spotify.com/v1/tracks/510L55qTlVIJcvnURoj0JF,https://api.spotify.com/v1/audio-analysis/510L55qTlVIJcvnURoj0JF,130680.0,4.0
0.546,0.646,10.0,-11.481,1.0,0.0275,0.00011,0.602,0.098,0.758,138.108,audio_features,5ae4WJ0jjklQ4AadYxE2a6,spotify:track:5ae4WJ0jjklQ4AadYxE2a6,https://api.spotify.com/v1/tracks/5ae4WJ0jjklQ4AadYxE2a6,https://api.spotify.com/v1/audio-analysis/5ae4WJ0jjklQ4AadYxE2a6,245867.0,4.0
0.308,0.829,1.0,-14.345,1.0,0.1,0.0113,0.767,0.116,0.0418,168.768,audio_features,2vQRkj2kMwoHKLzxXNsj2h,spotify:track:2vQRkj2kMwoHKLzxXNsj2h,https://api.spotify.com/v1/tracks/2vQRkj2kMwoHKLzxXNsj2h,https://api.spotify.com/v1/audio-analysis/2vQRkj2kMwoHKLzxXNsj2h,626307.0,4.0
0.0773,0.108,7.0,-13.795,1.0,0.0517,0.00143,0.755,0.105,0.0755,171.366,audio_features,5aigHrfThtXdjyfqvsT62z,spotify:track:5aigHrfThtXdjyfqvsT62z,https://api.spotify.com/v1/tracks/5aigHrfThtXdjyfqvsT62z,https://api.spotify.com/v1/audio-analysis/5aigHrfThtXdjyfqvsT62z,289640.0,4.0
0.703,0.406,0.0,-12.005,1.0,0.0427,0.0353,0.879,0.119,0.235,129.011,audio_features,525Pwm0RCTedCyZ0Mc1r5o,spotify:track:525Pwm0RCTedCyZ0Mc1r5o,https://api.spotify.com/v1/tracks/525Pwm0RCTedCyZ0Mc1r5o,https://api.spotify.com/v1/audio-analysis/525Pwm0RCTedCyZ0Mc1r5o,407933.0,4.0
0.595,0.666,8.0,-8.422,0.0,0.0365,0.0115,0.0144,0.177,0.438,135.015,audio_features,72Z3omkingFSu6Qvo7EkLh,spotify:track:72Z3omkingFSu6Qvo7EkLh,https://api.spotify.com/v1/tracks/72Z3omkingFSu6Qvo7EkLh,https://api.spotify.com/v1/audio-analysis/72Z3omkingFSu6Qvo7EkLh,249707.0,4.0
0.771,0.53,5.0,-13.18,0.0,0.123,0.176,0.617,0.14,0.444,161.996,audio_features,0eWfkZg1S9oFRCTnWBOjOa,spotify:track:0eWfkZg1S9oFRCTnWBOjOa,https://api.spotify.com/v1/tracks/0eWfkZg1S9oFRCTnWBOjOa,https://api.spotify.com/v1/audio-analysis/0eWfkZg1S9oFRCTnWBOjOa,234840.0,4.0
0.339,0.885,7.0,-6.854,1.0,0.0654,0.0727,0.232,0.152,0.248,79.57,audio_features,5udfsgkwBgM3AsvHBap7px,spotify:track:5udfsgkwBgM3AsvHBap7px,https://api.spotify.com/v1/tracks/5udfsgkwBgM3AsvHBap7px,https://api.spotify.com/v1/audio-analysis/5udfsgkwBgM3AsvHBap7px,196427.0,4.0
0.738,0.759,10.0,-10.58,0.0,0.175,0.0103,0.269,0.113,0.667,112.06,audio_features,2jhJiVcpkAMoCRr8Ru0xSJ,spotify:track:2jhJiVcpkAMoCRr8Ru0xSJ,https://api.spotify.com/v1/tracks/2jhJiVcpkAMoCRr8Ru0xSJ,https://api.spotify.com/v1/audio-analysis/2jhJiVcpkAMoCRr8Ru0xSJ,168400.0,4.0
0.632,0.481,1.0,-16.158,1.0,0.0566,0.775,0.926,0.196,0.277,101.229,audio_features,3G1jkNZc5tl3orGMM7aDtG,spotify:track:3G1jkNZc5tl3orGMM7aDtG,https://api.spotify.com/v1/tracks/3G1jkNZc5tl3orGMM7aDtG,https://api.spotify.com/v1/audio-analysis/3G1jkNZc5tl3orGMM7aDtG,280093.0,3.0
0.423,0.897,11.0,-7.22,1.0,0.0797,0.00191,0.000163,0.2,0.368,143.128,audio_features,0vwyIBkxHsYj0JVDHydJdi,spotify:track:0vwyIBkxHsYj0JVDHydJdi,https://api.spotify.com/v1/tracks/0vwyIBkxHsYj0JVDHydJdi,https://api.spotify.com/v1/audio-analysis/0vwyIBkxHsYj0JVDHydJdi,93187.0,3.0
0.694,0.511,11.0,-11.461,1.0,0.0388,0.0153,0.914,0.127,0.416,146.049,audio_features,54wKcxehz0bgcM1BT7KfyH,spotify:track:54wKcxehz0bgcM1BT7KfyH,https://api.spotify.com/v1/tracks/54wKcxehz0bgcM1BT7KfyH,https://api.spotify.com/v1/audio-analysis/54wKcxehz0bgcM1BT7KfyH,244467.0,4.0
0.629,0.641,2.0,-13.34,1.0,0.226,0.178,0.819,0.406,0.302,170.126,audio_features,7jX7wWnBtRY2PJHVXfLOwU,spotify:track:7jX7wWnBtRY2PJHVXfLOwU,https://api.spotify.com/v1/tracks/7jX7wWnBtRY2PJHVXfLOwU,https://api.spotify.com/v1/audio-analysis/7jX7wWnBtRY2PJHVXfLOwU,180800.0,4.0
0.595,0.694,8.0,-8.341,1.0,0.0473,0.0129,0.754,0.113,0.218,99.988,audio_features,1Vm698NBbZZ54TgYhPfUxq,spotify:track:1Vm698NBbZZ54TgYhPfUxq,https://api.spotify.com/v1/tracks/1Vm698NBbZZ54TgYhPfUxq,https://api.spotify.com/v1/audio-analysis/1Vm698NBbZZ54TgYhPfUxq,281835.0,4.0
0.361,0.595,1.0,-6.455,0.0,0.0339,0.0475,0.00462,0.105,0.672,140.761,audio_features,7aX4vUhde9XiBBALHraSbb,spotify:track:7aX4vUhde9XiBBALHraSbb,https://api.spotify.com/v1/tracks/7aX4vUhde9XiBBALHraSbb,https://api.spotify.com/v1/audio-analysis/7aX4vUhde9XiBBALHraSbb,420667.0,4.0
0.709,0.752,1.0,-7.74,1.0,0.0449,0.284,0.723,0.172,0.729,98.404,audio_features,1Jg3OlGD1J0C9OWQe6hgWe,spotify:track:1Jg3OlGD1J0C9OWQe6hgWe,https://api.spotify.com/v1/tracks/1Jg3OlGD1J0C9OWQe6hgWe,https://api.spotify.com/v1/audio-analysis/1Jg3OlGD1J0C9OWQe6hgWe,180787.0,4.0
0.688,0.349,1.0,-12.287,1.0,0.0286,0.097,0.167,0.0712,0.781,102.568,audio_features,5zNi7ddGWfo4S1jaA1BDnC,spotify:track:5zNi7ddGWfo4S1jaA1BDnC,https://api.spotify.com/v1/tracks/5zNi7ddGWfo4S1jaA1BDnC,https://api.spotify.com/v1/audio-analysis/5zNi7ddGWfo4S1jaA1BDnC,195400.0,4.0
0.455,0.426,2.0,-9.406,1.0,0.0475,0.172,0.0843,0.168,0.04,84.643,audio_features,3YHhWdTlWjIML155CvcH4F,spotify:track:3YHhWdTlWjIML155CvcH4F,https://api.spotify.com/v1/tracks/3YHhWdTlWjIML155CvcH4F,https://api.spotify.com/v1/audio-analysis/3YHhWdTlWjIML155CvcH4F,299605.0,4.0
0.76,0.942,1.0,-6.452,1.0,0.324,0.078,1.55e-05,0.216,0.444,141.985,audio_features,0jv5VgdENAPV7lHtBlsaXE,spotify:track:0jv5VgdENAPV7lHtBlsaXE,https://api.spotify.com/v1/tracks/0jv5VgdENAPV7lHtBlsaXE,https://api.spotify.com/v1/audio-analysis/0jv5VgdENAPV7lHtBlsaXE,279863.0,4.0
0.465,0.974,0.0,-6.542,0.0,0.0419,0.00111,0.634,0.74,0.368,125.007,audio_features,3NRaObu1NHTjMsfTPt6Ken,spotify:track:3NRaObu1NHTjMsfTPt6Ken,https://api.spotify.com/v1/tracks/3NRaObu1NHTjMsfTPt6Ken,https://api.spotify.com/v1/audio-analysis/3NRaObu1NHTjMsfTPt6Ken,254280.0,4.0
0.129,0.446,9.0,-6.403,0.0,0.055,0.00165,0.756,0.653,0.183,99.392,audio_features,5lQ5Tnlf8A9uFvTjz8uALp,spotify:track:5lQ5Tnlf8A9uFvTjz8uALp,https://api.spotify.com/v1/tracks/5lQ5Tnlf8A9uFvTjz8uALp,https://api.spotify.com/v1/audio-analysis/5lQ5Tnlf8A9uFvTjz8uALp,247867.0,4.0
0.543,0.647,0.0,-11.36,1.0,0.031,0.331,0.873,0.11,0.504,142.012,audio_features,3oEbFV32BCjdfO4CV7zLEB,spotify:track:3oEbFV32BCjdfO4CV7zLEB,https://api.spotify.com/v1/tracks/3oEbFV32BCjdfO4CV7zLEB,https://api.spotify.com/v1/audio-analysis/3oEbFV32BCjdfO4CV7zLEB,278427.0,4.0
0.588,0.728,8.0,-7.974,1.0,0.0468,0.0131,0.872,0.187,0.449,129.976,audio_features,4W2SEytUaL0gfiHk1FeMoc,spotify:track:4W2SEytUaL0gfiHk1FeMoc,https://api.spotify.com/v1/tracks/4W2SEytUaL0gfiHk1FeMoc,https://api.spotify.com/v1/audio-analysis/4W2SEytUaL0gfiHk1FeMoc,182427.0,4.0
0.389,0.867,8.0,-8.483,0.0,0.113,0.53,0.745,0.187,0.115,143.568,audio_features,4i9xZQuMIVTRi8CYe0DIWd,spotify:track:4i9xZQuMIVTRi8CYe0DIWd,https://api.spotify.com/v1/tracks/4i9xZQuMIVTRi8CYe0DIWd,https://api.spotify.com/v1/audio-analysis/4i9xZQuMIVTRi8CYe0DIWd,265120.0,4.0
0.158,0.56,2.0,-6.882,1.0,0.0392,0.0147,0.0212,0.532,0.0567,108.287,audio_features,4s69PiQhfmjtNyDyhFdJy5,spotify:track:4s69PiQhfmjtNyDyhFdJy5,https://api.spotify.com/v1/tracks/4s69PiQhfmjtNyDyhFdJy5,https://api.spotify.com/v1/audio-analysis/4s69PiQhfmjtNyDyhFdJy5,271813.0,3.0
0.452,0.856,6.0,-6.258,0.0,0.161,0.183,0.004,0.117,0.432,143.399,audio_features,1JOrIshStFM6JcC0scqDWP,spotify:track:1JOrIshStFM6JcC0scqDWP,https://api.spotify.com/v1/tracks/1JOrIshStFM6JcC0scqDWP,https://api.spotify.com/v1/audio-analysis/1JOrIshStFM6JcC0scqDWP,369747.0,4.0
0.518,0.471,1.0,-9.43,1.0,0.0344,0.00424,0.178,0.193,0.0392,148.336,audio_features,6anHLkfvpMhQvcLz3QjRYc,spotify:track:6anHLkfvpMhQvcLz3QjRYc,https://api.spotify.com/v1/tracks/6anHLkfvpMhQvcLz3QjRYc,https://api.spotify.com/v1/audio-analysis/6anHLkfvpMhQvcLz3QjRYc,327067.0,4.0
0.345,0.753,6.0,-8.539,1.0,0.166,0.559,0.764,0.389,0.321,145.043,audio_features,3qFGxxuYvCMxSQEfGbPdK8,spotify:track:3qFGxxuYvCMxSQEfGbPdK8,https://api.spotify.com/v1/tracks/3qFGxxuYvCMxSQEfGbPdK8,https://api.spotify.com/v1/audio-analysis/3qFGxxuYvCMxSQEfGbPdK8,131173.0,4.0
0.676,0.703,8.0,-5.815,0.0,0.0302,0.0869,0.000687,0.0463,0.852,92.761,audio_features,1foMv2HQwfQ2vntFf9HFeG,spotify:track:1foMv2HQwfQ2vntFf9HFeG,https://api.spotify.com/v1/tracks/1foMv2HQwfQ2vntFf9HFeG,https://api.spotify.com/v1/audio-analysis/1foMv2HQwfQ2vntFf9HFeG,200173.0,4.0
0.484,0.75,1.0,-4.176,1.0,0.0685,0.697,0.862,0.105,0.467,159.992,audio_features,1SHB1hp6267UK9bJQUxYvO,spotify:track:1SHB1hp6267UK9bJQUxYvO,https://api.spotify.com/v1/tracks/1SHB1hp6267UK9bJQUxYvO,https://api.spotify.com/v1/audio-analysis/1SHB1hp6267UK9bJQUxYvO,141395.0,4.0
0.413,0.624,11.0,-10.353,1.0,0.0682,0.00859,0.0178,0.132,0.0814,82.516,audio_features,6bxKECVRnkLmtpeU22Ve9p,spotify:track:6bxKECVRnkLmtpeU22Ve9p,https://api.spotify.com/v1/tracks/6bxKECVRnkLmtpeU22Ve9p,https://api.spotify.com/v1/audio-analysis/6bxKECVRnkLmtpeU22Ve9p,139652.0,4.0
0.0976,0.833,7.0,-9.953,1.0,0.0846,0.275,0.691,0.232,0.165,80.506,audio_features,17Gyli3xn2LFTtH7aJF2hI,spotify:track:17Gyli3xn2LFTtH7aJF2hI,https://api.spotify.com/v1/tracks/17Gyli3xn2LFTtH7aJF2hI,https://api.spotify.com/v1/audio-analysis/17Gyli3xn2LFTtH7aJF2hI,115893.0,3.0
0.444,0.542,8.0,-8.191,0.0,0.0312,0.019,0.623,0.0985,0.097,132.842,audio_features,6jTpdkPWw4QT7VOgUYqrsK,spotify:track:6jTpdkPWw4QT7VOgUYqrsK,https://api.spotify.com/v1/tracks/6jTpdkPWw4QT7VOgUYqrsK,https://api.spotify.com/v1/audio-analysis/6jTpdkPWw4QT7VOgUYqrsK,188960.0,4.0
0.646,0.843,8.0,-6.644,0.0,0.131,0.018,0.0733,0.32,0.351,100.004,audio_features,2mHngbc9wHeVuJr59VCV2h,spotify:track:2mHngbc9wHeVuJr59VCV2h,https://api.spotify.com/v1/tracks/2mHngbc9wHeVuJr59VCV2h,https://api.spotify.com/v1/audio-analysis/2mHngbc9wHeVuJr59VCV2h,188333.0,4.0
0.476,0.798,1.0,-6.699,1.0,0.229,0.00469,0.156,0.156,0.219,128.511,audio_features,2tdfTvq5PrseNIZIuJyz2v,spotify:track:2tdfTvq5PrseNIZIuJyz2v,https://api.spotify.com/v1/tracks/2tdfTvq5PrseNIZIuJyz2v,https://api.spotify.com/v1/audio-analysis/2tdfTvq5PrseNIZIuJyz2v,155107.0,4.0
0.659,0.752,11.0,-6.067,1.0,0.0289,0.105,0.00368,0.104,0.769,119.62,audio_features,0do3zfmbVl5DiGxUXrbhrT,spotify:track:0do3zfmbVl5DiGxUXrbhrT,https://api.spotify.com/v1/tracks/0do3zfmbVl5DiGxUXrbhrT,https://api.spotify.com/v1/audio-analysis/0do3zfmbVl5DiGxUXrbhrT,335800.0,4.0
0.65,0.69,3.0,-8.407,0.0,0.0283,0.7,0.875,0.315,0.797,133.971,audio_features,4wo2FC3qqvi1gDKJZg4Boc,spotify:track:4wo2FC3qqvi1gDKJZg4Boc,https://api.spotify.com/v1/tracks/4wo2FC3qqvi1gDKJZg4Boc,https://api.spotify.com/v1/audio-analysis/4wo2FC3qqvi1gDKJZg4Boc,224181.0,4.0
0.413,0.881,11.0,-5.541,0.0,0.0367,5.99e-05,0.000308,0.0805,0.364,158.066,audio_features,5UWwZ5lm5PKu6eKsHAGxOk,spotify:track:5UWwZ5lm5PKu6eKsHAGxOk,https://api.spotify.com/v1/tracks/5UWwZ5lm5PKu6eKsHAGxOk,https://api.spotify.com/v1/audio-analysis/5UWwZ5lm5PKu6eKsHAGxOk,250547.0,4.0
0.475,0.936,10.0,-4.144,1.0,0.0382,0.00592,0.0362,0.0736,0.323,137.882,audio_features,7yKWaoM62x4bSSZ3SKfSHp,spotify:track:7yKWaoM62x4bSSZ3SKfSHp,https://api.spotify.com/v1/tracks/7yKWaoM62x4bSSZ3SKfSHp,https://api.spotify.com/v1/audio-analysis/7yKWaoM62x4bSSZ3SKfSHp,242547.0,4.0
0.335,0.608,8.0,-11.433,1.0,0.0587,0.0284,0.72,0.131,0.197,85.249,audio_features,5wWoKe2BIKTRGQq5z0IG8d,spotify:track:5wWoKe2BIKTRGQq5z0IG8d,https://api.spotify.com/v1/tracks/5wWoKe2BIKTRGQq5z0IG8d,https://api.spotify.com/v1/audio-analysis/5wWoKe2BIKTRGQq5z0IG8d,237093.0,4.0
0.335,0.608,8.0,-11.433,1.0,0.0587,0.0284,0.72,0.131,0.197,85.249,audio_features,5wWoKe2BIKTRGQq5z0IG8d,spotify:track:5wWoKe2BIKTRGQq5z0IG8d,https://api.spotify.com/v1/tracks/5wWoKe2BIKTRGQq5z0IG8d,https://api.spotify.com/v1/audio-analysis/5wWoKe2BIKTRGQq5z0IG8d,237093.0,4.0
0.6,0.514,7.0,-9.311,1.0,0.0247,0.218,0.239,0.103,0.471,104.988,audio_features,6CARQPhaL7UBhYP3QbX4ce,spotify:track:6CARQPhaL7UBhYP3QbX4ce,https://api.spotify.com/v1/tracks/6CARQPhaL7UBhYP3QbX4ce,https://api.spotify.com/v1/audio-analysis/6CARQPhaL7UBhYP3QbX4ce,272071.0,4.0
0.262,0.839,4.0,-8.77,0.0,0.175,0.00258,0.886,0.272,0.0627,137.73,audio_features,0JiTlhWFc09Y1LecbstidD,spotify:track:0JiTlhWFc09Y1LecbstidD,https://api.spotify.com/v1/tracks/0JiTlhWFc09Y1LecbstidD,https://api.spotify.com/v1/audio-analysis/0JiTlhWFc09Y1LecbstidD,401764.0,4.0
0.317,0.498,5.0,-9.137,0.0,0.0315,0.0515,0.306,0.121,0.141,84.563,audio_features,5Ext9ObPEi7wIcv5AiQWJy,spotify:track:5Ext9ObPEi7wIcv5AiQWJy,https://api.spotify.com/v1/tracks/5Ext9ObPEi7wIcv5AiQWJy,https://api.spotify.com/v1/audio-analysis/5Ext9ObPEi7wIcv5AiQWJy,246000.0,4.0
0.717,0.924,2.0,-4.707,1.0,0.0285,0.043,0.6,0.11,0.791,128.025,audio_features,13HYthybjhM3iyWcfl8VcN,spotify:track:13HYthybjhM3iyWcfl8VcN,https://api.spotify.com/v1/tracks/13HYthybjhM3iyWcfl8VcN,https://api.spotify.com/v1/audio-analysis/13HYthybjhM3iyWcfl8VcN,439490.0,4.0
0.647,0.708,8.0,-13.142,1.0,0.0627,0.781,0.852,0.188,0.663,119.989,audio_features,2cEuRqcTMyHGALW3TlThNv,spotify:track:2cEuRqcTMyHGALW3TlThNv,https://api.spotify.com/v1/tracks/2cEuRqcTMyHGALW3TlThNv,https://api.spotify.com/v1/audio-analysis/2cEuRqcTMyHGALW3TlThNv,297469.0,4.0
0.325,0.322,8.0,-16.613,1.0,0.03,0.887,0.214,0.118,0.724,182.073,audio_features,2wiV5iKq5F5A0KUee4OrlK,spotify:track:2wiV5iKq5F5A0KUee4OrlK,https://api.spotify.com/v1/tracks/2wiV5iKq5F5A0KUee4OrlK,https://api.spotify.com/v1/audio-analysis/2wiV5iKq5F5A0KUee4OrlK,329361.0,3.0
0.674,0.677,7.0,-5.319,1.0,0.0285,0.366,0.0193,0.107,0.344,110.003,audio_features,27fhtd1gMJxbNIVHEjpxUs,spotify:track:27fhtd1gMJxbNIVHEjpxUs,https://api.spotify.com/v1/tracks/27fhtd1gMJxbNIVHEjpxUs,https://api.spotify.com/v1/audio-analysis/27fhtd1gMJxbNIVHEjpxUs,187636.0,4.0
0.56,0.509,0.0,-8.667,1.0,0.033,0.564,0.195,0.137,0.514,139.999,audio_features,6aH04E2GklQTywTnOS44ux,spotify:track:6aH04E2GklQTywTnOS44ux,https://api.spotify.com/v1/tracks/6aH04E2GklQTywTnOS44ux,https://api.spotify.com/v1/audio-analysis/6aH04E2GklQTywTnOS44ux,164143.0,3.0
0.557,0.498,4.0,-13.869,1.0,0.0634,0.0305,0.63,0.12,0.0729,155.966,audio_features,6BVJaTGJN18W4bMf783SRP,spotify:track:6BVJaTGJN18W4bMf783SRP,https://api.spotify.com/v1/tracks/6BVJaTGJN18W4bMf783SRP,https://api.spotify.com/v1/audio-analysis/6BVJaTGJN18W4bMf783SRP,158571.0,4.0
0.185,0.529,4.0,-9.148,1.0,0.031,0.00204,0.702,0.083,0.182,64.379,audio_features,3ozeIgf9g4assFBsLDjDP9,spotify:track:3ozeIgf9g4assFBsLDjDP9,https://api.spotify.com/v1/tracks/3ozeIgf9g4assFBsLDjDP9,https://api.spotify.com/v1/audio-analysis/3ozeIgf9g4assFBsLDjDP9,226944.0,4.0
0.538,0.877,4.0,-1.537,0.0,0.243,0.00116,0.0,0.122,0.39,140.05,audio_features,2qpLkj5FqUURIGnQYTZNo3,spotify:track:2qpLkj5FqUURIGnQYTZNo3,https://api.spotify.com/v1/tracks/2qpLkj5FqUURIGnQYTZNo3,https://api.spotify.com/v1/audio-analysis/2qpLkj5FqUURIGnQYTZNo3,193286.0,4.0
0.781,0.529,11.0,-14.35,0.0,0.0738,0.0409,0.834,0.114,0.952,110.983,audio_features,1TFOhZp3KF4zSLwMNmx4wO,spotify:track:1TFOhZp3KF4zSLwMNmx4wO,https://api.spotify.com/v1/tracks/1TFOhZp3KF4zSLwMNmx4wO,https://api.spotify.com/v1/audio-analysis/1TFOhZp3KF4zSLwMNmx4wO,139815.0,4.0
0.283,0.92,1.0,-4.603,1.0,0.0533,2.4e-06,0.0478,0.0903,0.193,86.443,audio_features,4DNydDiMCbptxZkGq0TQ0V,spotify:track:4DNydDiMCbptxZkGq0TQ0V,https://api.spotify.com/v1/tracks/4DNydDiMCbptxZkGq0TQ0V,https://api.spotify.com/v1/audio-analysis/4DNydDiMCbptxZkGq0TQ0V,203200.0,4.0
0.327,0.494,4.0,-6.067,1.0,0.38,0.158,0.00245,0.452,0.303,123.87,audio_features,14BTIqf0ZBChsQK4V5jlSN,spotify:track:14BTIqf0ZBChsQK4V5jlSN,https://api.spotify.com/v1/tracks/14BTIqf0ZBChsQK4V5jlSN,https://api.spotify.com/v1/audio-analysis/14BTIqf0ZBChsQK4V5jlSN,197885.0,4.0
0.228,0.703,8.0,-6.49,1.0,0.0718,0.0091,0.0411,0.171,0.231,94.616,audio_features,6P5hGhwljx61WBuvgEqkNq,spotify:track:6P5hGhwljx61WBuvgEqkNq,https://api.spotify.com/v1/tracks/6P5hGhwljx61WBuvgEqkNq,https://api.spotify.com/v1/audio-analysis/6P5hGhwljx61WBuvgEqkNq,137184.0,4.0
0.615,0.978,6.0,-0.035,0.0,0.0933,0.00259,3.98e-06,0.754,0.226,120.01,audio_features,0O66zhn7VRbUX54HfJuEW7,spotify:track:0O66zhn7VRbUX54HfJuEW7,https://api.spotify.com/v1/tracks/0O66zhn7VRbUX54HfJuEW7,https://api.spotify.com/v1/audio-analysis/0O66zhn7VRbUX54HfJuEW7,205963.0,4.0
0.513,0.979,4.0,-3.642,0.0,0.46,0.03,0.107,0.147,0.217,85.262,audio_features,2dH4kjxglp6b9K6CSGtL2j,spotify:track:2dH4kjxglp6b9K6CSGtL2j,https://api.spotify.com/v1/tracks/2dH4kjxglp6b9K6CSGtL2j,https://api.spotify.com/v1/audio-analysis/2dH4kjxglp6b9K6CSGtL2j,192000.0,4.0
0.504,0.798,8.0,-13.117,1.0,0.0637,0.000886,0.849,0.135,0.572,134.056,audio_features,6X0den3vxTieW2byIpbj9J,spotify:track:6X0den3vxTieW2byIpbj9J,https://api.spotify.com/v1/tracks/6X0den3vxTieW2byIpbj9J,https://api.spotify.com/v1/audio-analysis/6X0den3vxTieW2byIpbj9J,175522.0,4.0
0.642,0.746,0.0,-4.582,1.0,0.0992,0.0222,0.00343,0.1,0.731,111.007,audio_features,6Bnown8sKU7gWepCW6YNFI,spotify:track:6Bnown8sKU7gWepCW6YNFI,https://api.spotify.com/v1/tracks/6Bnown8sKU7gWepCW6YNFI,https://api.spotify.com/v1/audio-analysis/6Bnown8sKU7gWepCW6YNFI,69096.0,4.0
0.247,0.836,7.0,-8.02,1.0,0.0803,0.371,0.871,0.116,0.0532,168.947,audio_features,0xf7V667bbsQ0hO7gWjAXc,spotify:track:0xf7V667bbsQ0hO7gWjAXc,https://api.spotify.com/v1/tracks/0xf7V667bbsQ0hO7gWjAXc,https://api.spotify.com/v1/audio-analysis/0xf7V667bbsQ0hO7gWjAXc,171391.0,4.0
0.687,0.199,11.0,-8.376,1.0,0.366,0.0532,0.0,0.0711,0.537,139.687,audio_features,0vyJXohBlZIjYvFO0Hdxkv,spotify:track:0vyJXohBlZIjYvFO0Hdxkv,https://api.spotify.com/v1/tracks/0vyJXohBlZIjYvFO0Hdxkv,https://api.spotify.com/v1/audio-analysis/0vyJXohBlZIjYvFO0Hdxkv,109714.0,4.0
0.17,0.948,0.0,-3.265,1.0,0.0996,1.35e-06,0.00152,0.493,0.163,87.066,audio_features,10nd0tq8g3fFpCM4hkgHFR,spotify:track:10nd0tq8g3fFpCM4hkgHFR,https://api.spotify.com/v1/tracks/10nd0tq8g3fFpCM4hkgHFR,https://api.spotify.com/v1/audio-analysis/10nd0tq8g3fFpCM4hkgHFR,224180.0,4.0
0.119,0.386,0.0,-13.402,0.0,0.041,0.955,0.865,0.152,0.087,80.356,audio_features,6po2p9fH8jS1Wl7JJBkKua,spotify:track:6po2p9fH8jS1Wl7JJBkKua,https://api.spotify.com/v1/tracks/6po2p9fH8jS1Wl7JJBkKua,https://api.spotify.com/v1/audio-analysis/6po2p9fH8jS1Wl7JJBkKua,353834.0,4.0
0.102,0.962,7.0,-4.95,1.0,0.153,0.00164,0.0171,0.622,0.0379,80.252,audio_features,1bAsazlKIAY8tf9aNxeLaW,spotify:track:1bAsazlKIAY8tf9aNxeLaW,https://api.spotify.com/v1/tracks/1bAsazlKIAY8tf9aNxeLaW,https://api.spotify.com/v1/audio-analysis/1bAsazlKIAY8tf9aNxeLaW,312627.0,4.0
0.529,0.552,11.0,-7.093,1.0,0.0297,0.000257,0.106,0.12,0.747,135.74,audio_features,1rV2S4OJ07fDH9eYn40kb5,spotify:track:1rV2S4OJ07fDH9eYn40kb5,https://api.spotify.com/v1/tracks/1rV2S4OJ07fDH9eYn40kb5,https://api.spotify.com/v1/audio-analysis/1rV2S4OJ07fDH9eYn40kb5,180960.0,4.0
0.531,0.871,11.0,0.245,0.0,0.115,0.0824,7.61e-06,0.436,0.531,135.206,audio_features,0g5fNXDqdDFLRWENILmBYo,spotify:track:0g5fNXDqdDFLRWENILmBYo,https://api.spotify.com/v1/tracks/0g5fNXDqdDFLRWENILmBYo,https://api.spotify.com/v1/audio-analysis/0g5fNXDqdDFLRWENILmBYo,198222.0,4.0
0.671,0.789,11.0,-6.985,0.0,0.148,0.0346,0.000362,0.412,0.712,152.08,audio_features,5AfLPXI7FaBYagoNg9ksnz,spotify:track:5AfLPXI7FaBYagoNg9ksnz,https://api.spotify.com/v1/tracks/5AfLPXI7FaBYagoNg9ksnz,https://api.spotify.com/v1/audio-analysis/5AfLPXI7FaBYagoNg9ksnz,145048.0,4.0
0.498,0.566,9.0,-4.899,1.0,0.0467,0.000526,0.186,0.354,0.368,158.394,audio_features,7HD1McM7xFk4yok6SjD2Vy,spotify:track:7HD1McM7xFk4yok6SjD2Vy,https://api.spotify.com/v1/tracks/7HD1McM7xFk4yok6SjD2Vy,https://api.spotify.com/v1/audio-analysis/7HD1McM7xFk4yok6SjD2Vy,90635.0,3.0
0.475,0.796,0.0,-8.011,0.0,0.0261,0.0315,0.655,0.236,0.392,93.995,audio_features,6uv1jlackfFvexk2wodl4M,spotify:track:6uv1jlackfFvexk2wodl4M,https://api.spotify.com/v1/tracks/6uv1jlackfFvexk2wodl4M,https://api.spotify.com/v1/audio-analysis/6uv1jlackfFvexk2wodl4M,356813.0,4.0
0.644,0.584,0.0,-10.486,1.0,0.0558,0.174,0.535,0.365,0.658,159.997,audio_features,13QT8JcWDBWx8dq5OBanHO,spotify:track:13QT8JcWDBWx8dq5OBanHO,https://api.spotify.com/v1/tracks/13QT8JcWDBWx8dq5OBanHO,https://api.spotify.com/v1/audio-analysis/13QT8JcWDBWx8dq5OBanHO,253674.0,4.0
0.3,0.525,2.0,-5.899,1.0,0.0442,0.136,0.887,0.0941,0.0376,180.189,audio_features,1WfVntF3j4tgBpHyNUY2Na,spotify:track:1WfVntF3j4tgBpHyNUY2Na,https://api.spotify.com/v1/tracks/1WfVntF3j4tgBpHyNUY2Na,https://api.spotify.com/v1/audio-analysis/1WfVntF3j4tgBpHyNUY2Na,421335.0,4.0
0.448,0.999,11.0,-3.342,0.0,0.215,0.542,0.901,0.123,0.0374,120.043,audio_features,0OyvWC9vCElyhpWEHlOERz,spotify:track:0OyvWC9vCElyhpWEHlOERz,https://api.spotify.com/v1/tracks/0OyvWC9vCElyhpWEHlOERz,https://api.spotify.com/v1/audio-analysis/0OyvWC9vCElyhpWEHlOERz,267008.0,4.0
0.757,0.905,1.0,-4.56,1.0,0.0591,0.37,0.838,0.137,0.157,114.004,audio_features,41toTEEmUJ9lzTHxw92wji,spotify:track:41toTEEmUJ9lzTHxw92wji,https://api.spotify.com/v1/tracks/41toTEEmUJ9lzTHxw92wji,https://api.spotify.com/v1/audio-analysis/41toTEEmUJ9lzTHxw92wji,342486.0,4.0
0.725,0.953,7.0,-5.948,1.0,0.113,0.703,0.85,0.103,0.772,138.957,audio_features,2HEJWQEutMLE2TyfvY6l1E,spotify:track:2HEJWQEutMLE2TyfvY6l1E,https://api.spotify.com/v1/tracks/2HEJWQEutMLE2TyfvY6l1E,https://api.spotify.com/v1/audio-analysis/2HEJWQEutMLE2TyfvY6l1E,264243.0,4.0
0.529,0.594,10.0,-9.255,0.0,0.0765,0.0149,0.259,0.104,0.036,101.28,audio_features,7BEywKw86FT4ysuMR6uZxi,spotify:track:7BEywKw86FT4ysuMR6uZxi,https://api.spotify.com/v1/tracks/7BEywKw86FT4ysuMR6uZxi,https://api.spotify.com/v1/audio-analysis/7BEywKw86FT4ysuMR6uZxi,333141.0,1.0
0.794,0.973,2.0,-4.583,1.0,0.0693,0.0135,0.853,0.0734,0.488,125.998,audio_features,1zNtci3bKivI3xHI7KhI6P,spotify:track:1zNtci3bKivI3xHI7KhI6P,https://api.spotify.com/v1/tracks/1zNtci3bKivI3xHI7KhI6P,https://api.spotify.com/v1/audio-analysis/1zNtci3bKivI3xHI7KhI6P,250044.0,4.0
0.466,0.949,7.0,-6.007,1.0,0.0829,0.00303,0.577,0.0753,0.2,82.3,audio_features,2eHvbNg4ciADemeqj3mXLN,spotify:track:2eHvbNg4ciADemeqj3mXLN,https://api.spotify.com/v1/tracks/2eHvbNg4ciADemeqj3mXLN,https://api.spotify.com/v1/audio-analysis/2eHvbNg4ciADemeqj3mXLN,273934.0,4.0
0.571,0.746,11.0,-6.489,0.0,0.266,0.108,0.593,0.114,0.083,72.129,audio_features,0KVmSsGTXPKLqa8gkDKoJ0,spotify:track:0KVmSsGTXPKLqa8gkDKoJ0,https://api.spotify.com/v1/tracks/0KVmSsGTXPKLqa8gkDKoJ0,https://api.spotify.com/v1/audio-analysis/0KVmSsGTXPKLqa8gkDKoJ0,263600.0,4.0
0.702,0.757,11.0,-3.535,0.0,0.265,0.0949,0.759,0.322,0.516,141.992,audio_features,7nizf55ys94cyCtlDndqrX,spotify:track:7nizf55ys94cyCtlDndqrX,https://api.spotify.com/v1/tracks/7nizf55ys94cyCtlDndqrX,https://api.spotify.com/v1/audio-analysis/7nizf55ys94cyCtlDndqrX,172387.0,4.0
0.542,0.592,1.0,-9.958,1.0,0.373,0.235,0.0144,0.267,0.265,159.437,audio_features,7LYPaZ2vyJBN6i99MJLqOS,spotify:track:7LYPaZ2vyJBN6i99MJLqOS,https://api.spotify.com/v1/tracks/7LYPaZ2vyJBN6i99MJLqOS,https://api.spotify.com/v1/audio-analysis/7LYPaZ2vyJBN6i99MJLqOS,149773.0,4.0
0.463,0.525,2.0,-11.613,1.0,0.203,0.235,0.108,0.111,0.282,80.479,audio_features,0KEbst3fhAVaJlMQwzs8Qm,spotify:track:0KEbst3fhAVaJlMQwzs8Qm,https://api.spotify.com/v1/tracks/0KEbst3fhAVaJlMQwzs8Qm,https://api.spotify.com/v1/audio-analysis/0KEbst3fhAVaJlMQwzs8Qm,264013.0,4.0
0.511,0.608,1.0,-10.004,0.0,0.271,0.00146,9.79e-05,0.265,0.526,79.83,audio_features,324SJWggDq6FCdPvckfOlJ,spotify:track:324SJWggDq6FCdPvckfOlJ,https://api.spotify.com/v1/tracks/324SJWggDq6FCdPvckfOlJ,https://api.spotify.com/v1/audio-analysis/324SJWggDq6FCdPvckfOlJ,179053.0,4.0
0.658,0.364,7.0,-14.321,1.0,0.117,0.616,0.034,0.143,0.305,113.255,audio_features,7plNHuU4OG9u1Z2HtvEBNC,spotify:track:7plNHuU4OG9u1Z2HtvEBNC,https://api.spotify.com/v1/tracks/7plNHuU4OG9u1Z2HtvEBNC,https://api.spotify.com/v1/audio-analysis/7plNHuU4OG9u1Z2HtvEBNC,194573.0,4.0
0.57,0.993,7.0,-3.757,1.0,0.337,0.00628,0.00796,0.0876,0.405,87.0,audio_features,781V2Y5LPtcpgONEOadadE,spotify:track:781V2Y5LPtcpgONEOadadE,https://api.spotify.com/v1/tracks/781V2Y5LPtcpgONEOadadE,https://api.spotify.com/v1/audio-analysis/781V2Y5LPtcpgONEOadadE,171867.0,4.0
0.564,0.862,11.0,-6.843,0.0,0.414,0.00105,0.561,0.0474,0.556,90.799,audio_features,5zKamSH5cS09llWtWUuHe9,spotify:track:5zKamSH5cS09llWtWUuHe9,https://api.spotify.com/v1/tracks/5zKamSH5cS09llWtWUuHe9,https://api.spotify.com/v1/audio-analysis/5zKamSH5cS09llWtWUuHe9,173667.0,4.0
0.401,0.939,8.0,-5.831,1.0,0.118,0.000145,0.726,0.247,0.3,189.742,audio_features,306cmatLHndtD0l5vbEoAV,spotify:track:306cmatLHndtD0l5vbEoAV,https://api.spotify.com/v1/tracks/306cmatLHndtD0l5vbEoAV,https://api.spotify.com/v1/audio-analysis/306cmatLHndtD0l5vbEoAV,161400.0,4.0
0.527,0.875,10.0,-5.223,0.0,0.0665,0.048,0.0216,0.171,0.102,76.033,audio_features,1D2SVNlLeB4aHl5NlFKcBI,spotify:track:1D2SVNlLeB4aHl5NlFKcBI,https://api.spotify.com/v1/tracks/1D2SVNlLeB4aHl5NlFKcBI,https://api.spotify.com/v1/audio-analysis/1D2SVNlLeB4aHl5NlFKcBI,414867.0,4.0
0.302,0.893,11.0,-5.748,1.0,0.491,0.322,0.0,0.564,0.469,79.905,audio_features,5CQArxou1OKGWK5RMjISko,spotify:track:5CQArxou1OKGWK5RMjISko,https://api.spotify.com/v1/tracks/5CQArxou1OKGWK5RMjISko,https://api.spotify.com/v1/audio-analysis/5CQArxou1OKGWK5RMjISko,272093.0,4.0
0.523,0.929,1.0,-4.189,1.0,0.274,0.0113,0.0,0.224,0.748,160.33,audio_features,5K1E2khCTWeEwxN9jJw3Ws,spotify:track:5K1E2khCTWeEwxN9jJw3Ws,https://api.spotify.com/v1/tracks/5K1E2khCTWeEwxN9jJw3Ws,https://api.spotify.com/v1/audio-analysis/5K1E2khCTWeEwxN9jJw3Ws,253600.0,4.0
0.34,0.853,4.0,-5.966,0.0,0.372,0.0335,0.0,0.617,0.696,87.652,audio_features,6j1LQhYnQR3McqO8U9N6EE,spotify:track:6j1LQhYnQR3McqO8U9N6EE,https://api.spotify.com/v1/tracks/6j1LQhYnQR3McqO8U9N6EE,https://api.spotify.com/v1/audio-analysis/6j1LQhYnQR3McqO8U9N6EE,281933.0,4.0
0.43,0.741,1.0,-7.521,1.0,0.256,0.0717,0.00658,0.188,0.437,85.181,audio_features,63pdDeLroRpaT5uT805Q8M,spotify:track:63pdDeLroRpaT5uT805Q8M,https://api.spotify.com/v1/tracks/63pdDeLroRpaT5uT805Q8M,https://api.spotify.com/v1/audio-analysis/63pdDeLroRpaT5uT805Q8M,274667.0,4.0
0.57,0.903,3.0,-5.694,0.0,0.112,0.0678,0.000413,0.47,0.782,84.002,audio_features,4eWZDgaawyC8nOrvp59alW,spotify:track:4eWZDgaawyC8nOrvp59alW,https://api.spotify.com/v1/tracks/4eWZDgaawyC8nOrvp59alW,https://api.spotify.com/v1/audio-analysis/4eWZDgaawyC8nOrvp59alW,241240.0,4.0
0.712,0.673,7.0,-7.266,0.0,0.0321,0.0123,0.292,0.104,0.383,125.991,audio_features,7zlNKQRRjTHIy69MW0tf9c,spotify:track:7zlNKQRRjTHIy69MW0tf9c,https://api.spotify.com/v1/tracks/7zlNKQRRjTHIy69MW0tf9c,https://api.spotify.com/v1/audio-analysis/7zlNKQRRjTHIy69MW0tf9c,215179.0,4.0
0.276,0.955,3.0,-5.592,0.0,0.27,0.00652,8.68e-05,0.165,0.182,164.995,audio_features,4UGBOiby6lkNRurUJ1tEF8,spotify:track:4UGBOiby6lkNRurUJ1tEF8,https://api.spotify.com/v1/tracks/4UGBOiby6lkNRurUJ1tEF8,https://api.spotify.com/v1/audio-analysis/4UGBOiby6lkNRurUJ1tEF8,229000.0,4.0
0.897,0.373,0.0,-14.624,0.0,0.141,0.117,3.61e-05,0.117,0.197,86.879,audio_features,1rnPQpAKgbIKdY2LxTsE8D,spotify:track:1rnPQpAKgbIKdY2LxTsE8D,https://api.spotify.com/v1/tracks/1rnPQpAKgbIKdY2LxTsE8D,https://api.spotify.com/v1/audio-analysis/1rnPQpAKgbIKdY2LxTsE8D,211730.0,4.0
0.639,0.835,11.0,-7.256,1.0,0.138,7.28e-05,0.108,0.497,0.496,96.031,audio_features,4aXkAmluDdzw2QLpReJ2aN,spotify:track:4aXkAmluDdzw2QLpReJ2aN,https://api.spotify.com/v1/tracks/4aXkAmluDdzw2QLpReJ2aN,https://api.spotify.com/v1/audio-analysis/4aXkAmluDdzw2QLpReJ2aN,170867.0,4.0
0.619,0.942,7.0,-4.173,1.0,0.0364,0.00179,0.000153,0.121,0.827,140.033,audio_features,4aoltUt2QihElItwBAB5Eq,spotify:track:4aoltUt2QihElItwBAB5Eq,https://api.spotify.com/v1/tracks/4aoltUt2QihElItwBAB5Eq,https://api.spotify.com/v1/audio-analysis/4aoltUt2QihElItwBAB5Eq,193680.0,4.0
0.652,0.71,11.0,-6.338,1.0,0.0302,0.0564,0.663,0.164,0.497,111.025,audio_features,4F0Tzpl5dPK7lalFCDChdg,spotify:track:4F0Tzpl5dPK7lalFCDChdg,https://api.spotify.com/v1/tracks/4F0Tzpl5dPK7lalFCDChdg,https://api.spotify.com/v1/audio-analysis/4F0Tzpl5dPK7lalFCDChdg,155376.0,4.0
0.559,0.857,8.0,-7.972,1.0,0.078,0.000554,0.00562,0.448,0.236,180.053,audio_features,3Wnv3FIm9i4ahGXm5pQOYQ,spotify:track:3Wnv3FIm9i4ahGXm5pQOYQ,https://api.spotify.com/v1/tracks/3Wnv3FIm9i4ahGXm5pQOYQ,https://api.spotify.com/v1/audio-analysis/3Wnv3FIm9i4ahGXm5pQOYQ,150667.0,4.0
0.939,0.37,2.0,-7.605,1.0,0.211,0.000895,0.00255,0.127,0.137,126.013,audio_features,3WocjH8HgPMUx2UtJzjU8J,spotify:track:3WocjH8HgPMUx2UtJzjU8J,https://api.spotify.com/v1/tracks/3WocjH8HgPMUx2UtJzjU8J,https://api.spotify.com/v1/audio-analysis/3WocjH8HgPMUx2UtJzjU8J,108095.0,4.0
0.476,0.936,4.0,-4.943,1.0,0.152,0.366,4.04e-06,0.259,0.267,164.294,audio_features,63WngcgGxwtEvSmM5BJeKJ,spotify:track:63WngcgGxwtEvSmM5BJeKJ,https://api.spotify.com/v1/tracks/63WngcgGxwtEvSmM5BJeKJ,https://api.spotify.com/v1/audio-analysis/63WngcgGxwtEvSmM5BJeKJ,165000.0,4.0
0.561,0.396,4.0,-7.582,1.0,0.0271,0.845,1.19e-06,0.104,0.0511,110.051,audio_features,0YLlkbUfU1VJkU00nQ2S06,spotify:track:0YLlkbUfU1VJkU00nQ2S06,https://api.spotify.com/v1/tracks/0YLlkbUfU1VJkU00nQ2S06,https://api.spotify.com/v1/audio-analysis/0YLlkbUfU1VJkU00nQ2S06,206182.0,4.0
0.788,0.962,2.0,-3.619,1.0,0.275,0.649,1.19e-06,0.331,0.268,112.539,audio_features,4ZBgz0Bu9YcqUr7xtP78T8,spotify:track:4ZBgz0Bu9YcqUr7xtP78T8,https://api.spotify.com/v1/tracks/4ZBgz0Bu9YcqUr7xtP78T8,https://api.spotify.com/v1/audio-analysis/4ZBgz0Bu9YcqUr7xtP78T8,310533.0,4.0
0.718,0.561,1.0,-8.638,1.0,0.0365,0.522,0.00164,0.0922,0.391,135.017,audio_features,72OgV1loKAh6UlLCPwA2en,spotify:track:72OgV1loKAh6UlLCPwA2en,https://api.spotify.com/v1/tracks/72OgV1loKAh6UlLCPwA2en,https://api.spotify.com/v1/audio-analysis/72OgV1loKAh6UlLCPwA2en,164964.0,4.0
0.725,0.409,8.0,-13.69,1.0,0.413,0.113,0.0,0.111,0.359,150.039,audio_features,795E4UJ5v61bdwBJTGn7WN,spotify:track:795E4UJ5v61bdwBJTGn7WN,https://api.spotify.com/v1/tracks/795E4UJ5v61bdwBJTGn7WN,https://api.spotify.com/v1/audio-analysis/795E4UJ5v61bdwBJTGn7WN,102539.0,4.0
0.833,0.634,1.0,-9.834,1.0,0.262,0.177,0.0,0.0789,0.584,125.049,audio_features,7j2CnRCRsAX2BO8pxdBViV,spotify:track:7j2CnRCRsAX2BO8pxdBViV,https://api.spotify.com/v1/tracks/7j2CnRCRsAX2BO8pxdBViV,https://api.spotify.com/v1/audio-analysis/7j2CnRCRsAX2BO8pxdBViV,123343.0,4.0
0.726,0.68,6.0,-11.351,0.0,0.409,0.00699,0.0,0.69,0.725,123.135,audio_features,10yIPIi5rLXQvIUReCA2Ps,spotify:track:10yIPIi5rLXQvIUReCA2Ps,https://api.spotify.com/v1/tracks/10yIPIi5rLXQvIUReCA2Ps,https://api.spotify.com/v1/audio-analysis/10yIPIi5rLXQvIUReCA2Ps,109269.0,4.0
0.662,0.927,6.0,-5.971,1.0,0.288,0.0031,0.000127,0.374,0.913,129.971,audio_features,2exX3S1mQG1e8HvZWV88Ob,spotify:track:2exX3S1mQG1e8HvZWV88Ob,https://api.spotify.com/v1/tracks/2exX3S1mQG1e8HvZWV88Ob,https://api.spotify.com/v1/audio-analysis/2exX3S1mQG1e8HvZWV88Ob,187750.0,4.0
0.902,0.582,11.0,-5.123,0.0,0.168,0.221,0.00176,0.161,0.752,132.976,audio_features,53r0c2Nw6QBi1kYNT8AYAx,spotify:track:53r0c2Nw6QBi1kYNT8AYAx,https://api.spotify.com/v1/tracks/53r0c2Nw6QBi1kYNT8AYAx,https://api.spotify.com/v1/audio-analysis/53r0c2Nw6QBi1kYNT8AYAx,141387.0,4.0
0.672,0.958,6.0,-5.987,0.0,0.188,0.00188,7.06e-05,0.447,0.514,152.969,audio_features,73HOaSTb8lKquokNk9USUf,spotify:track:73HOaSTb8lKquokNk9USUf,https://api.spotify.com/v1/tracks/73HOaSTb8lKquokNk9USUf,https://api.spotify.com/v1/audio-analysis/73HOaSTb8lKquokNk9USUf,214760.0,4.0
0.496,0.716,4.0,-6.34,0.0,0.0984,0.044,0.0,0.092,0.695,137.943,audio_features,0D2VPQ57FeEUkJz2wxpKKg,spotify:track:0D2VPQ57FeEUkJz2wxpKKg,https://api.spotify.com/v1/tracks/0D2VPQ57FeEUkJz2wxpKKg,https://api.spotify.com/v1/audio-analysis/0D2VPQ57FeEUkJz2wxpKKg,159000.0,4.0
0.622,0.677,10.0,-7.478,1.0,0.414,0.0849,0.0,0.323,0.576,77.66,audio_features,2Pkl3R31DQYt9BCFwwlKzW,spotify:track:2Pkl3R31DQYt9BCFwwlKzW,https://api.spotify.com/v1/tracks/2Pkl3R31DQYt9BCFwwlKzW,https://api.spotify.com/v1/audio-analysis/2Pkl3R31DQYt9BCFwwlKzW,87716.0,4.0
0.403,0.522,4.0,-9.632,1.0,0.0267,0.0101,0.829,0.171,0.209,140.132,audio_features,1SxU9o4S2lIVCIUyuaiNqt,spotify:track:1SxU9o4S2lIVCIUyuaiNqt,https://api.spotify.com/v1/tracks/1SxU9o4S2lIVCIUyuaiNqt,https://api.spotify.com/v1/audio-analysis/1SxU9o4S2lIVCIUyuaiNqt,102629.0,4.0
0.32,0.805,2.0,-6.85,1.0,0.0438,0.0504,0.000423,0.0972,0.559,100.509,audio_features,4QSlGmd48WfNMbHe8FKecR,spotify:track:4QSlGmd48WfNMbHe8FKecR,https://api.spotify.com/v1/tracks/4QSlGmd48WfNMbHe8FKecR,https://api.spotify.com/v1/audio-analysis/4QSlGmd48WfNMbHe8FKecR,143759.0,4.0
0.588,0.788,11.0,-5.565,0.0,0.131,0.0995,0.000503,0.422,0.562,131.996,audio_features,2NAAEtsHzVDaOj8DSnhUvd,spotify:track:2NAAEtsHzVDaOj8DSnhUvd,https://api.spotify.com/v1/tracks/2NAAEtsHzVDaOj8DSnhUvd,https://api.spotify.com/v1/audio-analysis/2NAAEtsHzVDaOj8DSnhUvd,166309.0,4.0
0.342,0.921,1.0,-3.785,1.0,0.0611,1.46e-05,0.000233,0.391,0.623,80.518,audio_features,0v47gVwftGwimOa6tMAW7d,spotify:track:0v47gVwftGwimOa6tMAW7d,https://api.spotify.com/v1/tracks/0v47gVwftGwimOa6tMAW7d,https://api.spotify.com/v1/audio-analysis/0v47gVwftGwimOa6tMAW7d,65943.0,4.0
0.728,0.409,2.0,-14.945,1.0,0.0763,0.633,0.448,0.108,0.85,89.646,audio_features,7EMpkYw3hjDdpfobVThuQA,spotify:track:7EMpkYw3hjDdpfobVThuQA,https://api.spotify.com/v1/tracks/7EMpkYw3hjDdpfobVThuQA,https://api.spotify.com/v1/audio-analysis/7EMpkYw3hjDdpfobVThuQA,239750.0,4.0
0.662,0.484,5.0,-9.178,0.0,0.026,0.0331,0.683,0.14,0.158,100.004,audio_features,7xHwZojDKv6RZH6mQUbFLp,spotify:track:7xHwZojDKv6RZH6mQUbFLp,https://api.spotify.com/v1/tracks/7xHwZojDKv6RZH6mQUbFLp,https://api.spotify.com/v1/audio-analysis/7xHwZojDKv6RZH6mQUbFLp,290335.0,4.0
0.648,0.892,1.0,-6.382,1.0,0.0263,9.2e-05,0.876,0.102,0.895,117.996,audio_features,618vJ3LQKiWUjevoQK19nA,spotify:track:618vJ3LQKiWUjevoQK19nA,https://api.spotify.com/v1/tracks/618vJ3LQKiWUjevoQK19nA,https://api.spotify.com/v1/audio-analysis/618vJ3LQKiWUjevoQK19nA,291864.0,4.0
0.683,0.972,9.0,-4.741,1.0,0.394,0.00731,0.0,0.139,0.524,165.962,audio_features,0UkPMjn6f548zWNgM66Whj,spotify:track:0UkPMjn6f548zWNgM66Whj,https://api.spotify.com/v1/tracks/0UkPMjn6f548zWNgM66Whj,https://api.spotify.com/v1/audio-analysis/0UkPMjn6f548zWNgM66Whj,102000.0,4.0
0.366,0.535,9.0,-6.401,0.0,0.0945,0.00128,0.0721,0.0595,0.622,96.605,audio_features,2Miap882SbE8Ms89ONapNH,spotify:track:2Miap882SbE8Ms89ONapNH,https://api.spotify.com/v1/tracks/2Miap882SbE8Ms89ONapNH,https://api.spotify.com/v1/audio-analysis/2Miap882SbE8Ms89ONapNH,244176.0,4.0
0.861,0.648,10.0,-8.192,0.0,0.0725,0.0323,0.73,0.0835,0.766,112.631,audio_features,6ucSM84v4JtaTM3D3jHLQi,spotify:track:6ucSM84v4JtaTM3D3jHLQi,https://api.spotify.com/v1/tracks/6ucSM84v4JtaTM3D3jHLQi,https://api.spotify.com/v1/audio-analysis/6ucSM84v4JtaTM3D3jHLQi,288421.0,4.0
0.149,0.962,0.0,-7.186,1.0,0.0497,0.000327,0.00191,0.36,0.382,182.347,audio_features,6zeVvXUNIvxEhvgcSaidSK,spotify:track:6zeVvXUNIvxEhvgcSaidSK,https://api.spotify.com/v1/tracks/6zeVvXUNIvxEhvgcSaidSK,https://api.spotify.com/v1/audio-analysis/6zeVvXUNIvxEhvgcSaidSK,248880.0,4.0
0.367,0.856,1.0,-7.358,1.0,0.0783,0.0024,0.0,0.15,0.253,175.017,audio_features,3RzYbj6Rr6mSJCar4Ua86F,spotify:track:3RzYbj6Rr6mSJCar4Ua86F,https://api.spotify.com/v1/tracks/3RzYbj6Rr6mSJCar4Ua86F,https://api.spotify.com/v1/audio-analysis/3RzYbj6Rr6mSJCar4Ua86F,181029.0,4.0
0.31,0.784,6.0,-6.324,0.0,0.0573,0.000827,8.29e-06,0.432,0.185,119.978,audio_features,5XOHcCxasESKJzoLF7I4iy,spotify:track:5XOHcCxasESKJzoLF7I4iy,https://api.spotify.com/v1/tracks/5XOHcCxasESKJzoLF7I4iy,https://api.spotify.com/v1/audio-analysis/5XOHcCxasESKJzoLF7I4iy,201507.0,4.0
0.449,0.501,0.0,-9.968,1.0,0.263,0.514,1.26e-05,0.7,0.207,171.812,audio_features,6VzfECQN2zm23tTpl723cg,spotify:track:6VzfECQN2zm23tTpl723cg,https://api.spotify.com/v1/tracks/6VzfECQN2zm23tTpl723cg,https://api.spotify.com/v1/audio-analysis/6VzfECQN2zm23tTpl723cg,145093.0,3.0
0.77,0.732,1.0,-8.161,1.0,0.0395,0.00132,0.346,0.349,0.566,123.017,audio_features,4EN8bvbrouNrylrTucVkdb,spotify:track:4EN8bvbrouNrylrTucVkdb,https://api.spotify.com/v1/tracks/4EN8bvbrouNrylrTucVkdb,https://api.spotify.com/v1/audio-analysis/4EN8bvbrouNrylrTucVkdb,197052.0,4.0
0.852,0.93,1.0,-7.02,1.0,0.209,0.0127,0.494,0.0573,0.236,129.028,audio_features,55meeb1WffJW16DfMnWVi0,spotify:track:55meeb1WffJW16DfMnWVi0,https://api.spotify.com/v1/tracks/55meeb1WffJW16DfMnWVi0,https://api.spotify.com/v1/audio-analysis/55meeb1WffJW16DfMnWVi0,271642.0,4.0
0.783,0.818,6.0,-4.599,1.0,0.0524,0.00477,0.00263,0.132,0.875,124.018,audio_features,1w25Ghl2pSLHV8K4xHCXkH,spotify:track:1w25Ghl2pSLHV8K4xHCXkH,https://api.spotify.com/v1/tracks/1w25Ghl2pSLHV8K4xHCXkH,https://api.spotify.com/v1/audio-analysis/1w25Ghl2pSLHV8K4xHCXkH,154839.0,4.0
0.637,0.896,1.0,-6.296,1.0,0.0618,0.104,0.15,0.0648,0.645,81.488,audio_features,10BWteuZBVBYvyj3PWjbrs,spotify:track:10BWteuZBVBYvyj3PWjbrs,https://api.spotify.com/v1/tracks/10BWteuZBVBYvyj3PWjbrs,https://api.spotify.com/v1/audio-analysis/10BWteuZBVBYvyj3PWjbrs,220507.0,4.0
0.527,0.119,0.0,-23.419,1.0,0.037,0.944,0.867,0.313,0.118,123.619,audio_features,2bFZpoFmy0n3825STXFqrg,spotify:track:2bFZpoFmy0n3825STXFqrg,https://api.spotify.com/v1/tracks/2bFZpoFmy0n3825STXFqrg,https://api.spotify.com/v1/audio-analysis/2bFZpoFmy0n3825STXFqrg,144145.0,4.0
0.757,0.824,10.0,-3.497,0.0,0.0415,0.299,2.3e-05,0.0313,0.876,95.028,audio_features,6DdTte07spm10bOPJrmDuZ,spotify:track:6DdTte07spm10bOPJrmDuZ,https://api.spotify.com/v1/tracks/6DdTte07spm10bOPJrmDuZ,https://api.spotify.com/v1/audio-analysis/6DdTte07spm10bOPJrmDuZ,205760.0,4.0
0.236,0.625,9.0,-10.237,0.0,0.0346,0.977,0.017,0.288,0.137,98.394,audio_features,1vRad6aBUZngnhxaw0OTIr,spotify:track:1vRad6aBUZngnhxaw0OTIr,https://api.spotify.com/v1/tracks/1vRad6aBUZngnhxaw0OTIr,https://api.spotify.com/v1/audio-analysis/1vRad6aBUZngnhxaw0OTIr,217120.0,4.0
0.366,0.664,6.0,-11.117,0.0,0.12,0.000628,2.19e-05,0.322,0.704,101.177,audio_features,2gLyZC7Pqo739qy5TrEjCJ,spotify:track:2gLyZC7Pqo739qy5TrEjCJ,https://api.spotify.com/v1/tracks/2gLyZC7Pqo739qy5TrEjCJ,https://api.spotify.com/v1/audio-analysis/2gLyZC7Pqo739qy5TrEjCJ,328693.0,4.0
0.458,0.891,1.0,-3.963,0.0,0.0418,0.0071,4.41e-05,0.382,0.428,142.026,audio_features,0msIDeGgPRGoIogiD35W0G,spotify:track:0msIDeGgPRGoIogiD35W0G,https://api.spotify.com/v1/tracks/0msIDeGgPRGoIogiD35W0G,https://api.spotify.com/v1/audio-analysis/0msIDeGgPRGoIogiD35W0G,135419.0,4.0
0.664,0.717,10.0,-5.494,0.0,0.0378,0.00545,0.00205,0.0634,0.304,119.917,audio_features,7wnRHeYAAd0KqkFe3ZQHcI,spotify:track:7wnRHeYAAd0KqkFe3ZQHcI,https://api.spotify.com/v1/tracks/7wnRHeYAAd0KqkFe3ZQHcI,https://api.spotify.com/v1/audio-analysis/7wnRHeYAAd0KqkFe3ZQHcI,204874.0,4.0
0.308,0.66,6.0,-5.506,1.0,0.083,0.00958,0.00581,0.21,0.35,130.187,audio_features,5kBvOYFXzTzFV7BMJqcbF6,spotify:track:5kBvOYFXzTzFV7BMJqcbF6,https://api.spotify.com/v1/tracks/5kBvOYFXzTzFV7BMJqcbF6,https://api.spotify.com/v1/audio-analysis/5kBvOYFXzTzFV7BMJqcbF6,129480.0,4.0
0.494,0.633,11.0,-8.244,1.0,0.235,0.771,3.99e-06,0.115,0.22,81.506,audio_features,3lh13ihuAqNqMm98pHShBI,spotify:track:3lh13ihuAqNqMm98pHShBI,https://api.spotify.com/v1/tracks/3lh13ihuAqNqMm98pHShBI,https://api.spotify.com/v1/audio-analysis/3lh13ihuAqNqMm98pHShBI,242650.0,4.0
0.907,0.601,2.0,-6.306,1.0,0.0559,0.101,0.00329,0.0157,0.57,124.978,audio_features,75Ax1ZuwYF9XWxVWI9Lqhj,spotify:track:75Ax1ZuwYF9XWxVWI9Lqhj,https://api.spotify.com/v1/tracks/75Ax1ZuwYF9XWxVWI9Lqhj,https://api.spotify.com/v1/audio-analysis/75Ax1ZuwYF9XWxVWI9Lqhj,163936.0,4.0
0.296,0.996,5.0,-5.841,1.0,0.266,0.554,0.545,0.316,0.153,143.889,audio_features,7AUYgCq6M44zb2HXSMkoEY,spotify:track:7AUYgCq6M44zb2HXSMkoEY,https://api.spotify.com/v1/tracks/7AUYgCq6M44zb2HXSMkoEY,https://api.spotify.com/v1/audio-analysis/7AUYgCq6M44zb2HXSMkoEY,146947.0,4.0
0.503,0.585,1.0,-9.618,1.0,0.0352,0.0161,0.0928,0.137,0.228,84.026,audio_features,4KK5gvFhaQzNurW9dp4Smi,spotify:track:4KK5gvFhaQzNurW9dp4Smi,https://api.spotify.com/v1/tracks/4KK5gvFhaQzNurW9dp4Smi,https://api.spotify.com/v1/audio-analysis/4KK5gvFhaQzNurW9dp4Smi,282381.0,4.0
0.817,0.575,4.0,-4.967,0.0,0.315,0.0395,1.25e-05,0.102,0.376,83.984,audio_features,0xVXFQKJYMzQlQ7BmX0PwI,spotify:track:0xVXFQKJYMzQlQ7BmX0PwI,https://api.spotify.com/v1/tracks/0xVXFQKJYMzQlQ7BmX0PwI,https://api.spotify.com/v1/audio-analysis/0xVXFQKJYMzQlQ7BmX0PwI,199560.0,4.0
0.707,0.803,11.0,-5.232,1.0,0.225,0.334,0.0017,0.831,0.489,74.024,audio_features,4FDRsIIuBxPK0P3nfHtxp2,spotify:track:4FDRsIIuBxPK0P3nfHtxp2,https://api.spotify.com/v1/tracks/4FDRsIIuBxPK0P3nfHtxp2,https://api.spotify.com/v1/audio-analysis/4FDRsIIuBxPK0P3nfHtxp2,90897.0,4.0
0.734,0.815,8.0,-9.614,0.0,0.0467,0.484,0.411,0.183,0.2,100.009,audio_features,7m66qhYm3k2cKZ2IujGX27,spotify:track:7m66qhYm3k2cKZ2IujGX27,https://api.spotify.com/v1/tracks/7m66qhYm3k2cKZ2IujGX27,https://api.spotify.com/v1/audio-analysis/7m66qhYm3k2cKZ2IujGX27,127200.0,4.0
0.248,0.696,2.0,-7.697,1.0,0.0389,0.00382,0.766,0.129,0.387,153.083,audio_features,6mhdKfHDaEG8WEDYfC0HxU,spotify:track:6mhdKfHDaEG8WEDYfC0HxU,https://api.spotify.com/v1/tracks/6mhdKfHDaEG8WEDYfC0HxU,https://api.spotify.com/v1/audio-analysis/6mhdKfHDaEG8WEDYfC0HxU,227342.0,4.0
0.61,0.646,0.0,-8.443,1.0,0.0284,0.0759,0.0259,0.217,0.0989,112.003,audio_features,6kxyEwp3Z8R64gkvHqAmPB,spotify:track:6kxyEwp3Z8R64gkvHqAmPB,https://api.spotify.com/v1/tracks/6kxyEwp3Z8R64gkvHqAmPB,https://api.spotify.com/v1/audio-analysis/6kxyEwp3Z8R64gkvHqAmPB,376668.0,4.0
0.284,0.521,0.0,-19.79,1.0,0.0782,0.99,0.954,0.211,0.589,104.977,audio_features,7BFBcafNxz817vPvpUZza1,spotify:track:7BFBcafNxz817vPvpUZza1,https://api.spotify.com/v1/tracks/7BFBcafNxz817vPvpUZza1,https://api.spotify.com/v1/audio-analysis/7BFBcafNxz817vPvpUZza1,65434.0,4.0
0.563,0.641,9.0,-7.492,0.0,0.0268,0.003,0.794,0.493,0.365,80.011,audio_features,5VbvMvs7NNKij7xVNsC1V5,spotify:track:5VbvMvs7NNKij7xVNsC1V5,https://api.spotify.com/v1/tracks/5VbvMvs7NNKij7xVNsC1V5,https://api.spotify.com/v1/audio-analysis/5VbvMvs7NNKij7xVNsC1V5,264820.0,3.0
0.238,0.875,2.0,-4.715,1.0,0.0656,0.00245,0.157,0.146,0.299,120.363,audio_features,3vHTp0PSVjgnqocdLHCk19,spotify:track:3vHTp0PSVjgnqocdLHCk19,https://api.spotify.com/v1/tracks/3vHTp0PSVjgnqocdLHCk19,https://api.spotify.com/v1/audio-analysis/3vHTp0PSVjgnqocdLHCk19,239519.0,4.0
0.352,0.619,7.0,-7.995,0.0,0.0341,0.69,0.826,0.111,0.0787,126.022,audio_features,5LxdOkc6kmpxFk2bvJZqaI,spotify:track:5LxdOkc6kmpxFk2bvJZqaI,https://api.spotify.com/v1/tracks/5LxdOkc6kmpxFk2bvJZqaI,https://api.spotify.com/v1/audio-analysis/5LxdOkc6kmpxFk2bvJZqaI,162691.0,4.0
0.538,0.575,7.0,-7.967,1.0,0.0304,0.0141,0.88,0.297,0.525,131.97,audio_features,0Ofu5ebeAMysosONEClFYZ,spotify:track:0Ofu5ebeAMysosONEClFYZ,https://api.spotify.com/v1/tracks/0Ofu5ebeAMysosONEClFYZ,https://api.spotify.com/v1/audio-analysis/0Ofu5ebeAMysosONEClFYZ,236042.0,4.0
0.619,0.511,1.0,-11.381,1.0,0.0483,0.149,0.0794,0.104,0.523,89.03,audio_features,1LPDVjYGL9x5nhKaSYV6Bl,spotify:track:1LPDVjYGL9x5nhKaSYV6Bl,https://api.spotify.com/v1/tracks/1LPDVjYGL9x5nhKaSYV6Bl,https://api.spotify.com/v1/audio-analysis/1LPDVjYGL9x5nhKaSYV6Bl,118047.0,4.0
0.603,0.848,6.0,-5.964,0.0,0.0518,0.062,0.0538,0.138,0.422,146.172,audio_features,12n6lZRx1SWGJDY6Ol8z8o,spotify:track:12n6lZRx1SWGJDY6Ol8z8o,https://api.spotify.com/v1/tracks/12n6lZRx1SWGJDY6Ol8z8o,https://api.spotify.com/v1/audio-analysis/12n6lZRx1SWGJDY6Ol8z8o,235153.0,4.0
0.489,0.583,1.0,-9.864,1.0,0.0257,0.000717,0.0941,0.0856,0.167,87.056,audio_features,3lUTHQlniRIqXmxbRlxC0U,spotify:track:3lUTHQlniRIqXmxbRlxC0U,https://api.spotify.com/v1/tracks/3lUTHQlniRIqXmxbRlxC0U,https://api.spotify.com/v1/audio-analysis/3lUTHQlniRIqXmxbRlxC0U,264765.0,4.0
